name,link
Villanova University,https://www1.villanova.edu/#vu-main-content
Nicholls State University,https://www.nicholls.edu/#content
North Greenville University,https://www.ngu.edu/opt-out-preferences/#cmplz-manage-consent-container
Villanova University,https://www1.villanova.edu/university.html
Arizona State University Campus Immersion,https://scai.engineering.asu.edu/#main-content
Nicholls State University,https://www.nicholls.edu/faculty-staff
North Greenville University,https://www.ngu.edu/opt-out-preferences/#cmplz-cookies-overview
Oakland City University,https://www.oak.edu/
North Greenville University,https://www.ngu.edu/opt-out-preferences/#cmplz-tcf-wrapper
Oakland City University,https://www.oak.edu/alumni-friends/
North Greenville University,https://cookiedatabase.org/tcf/purposes/
Nash Community College,https://ss-prod-cloud.nashcc.edu/#main-content
Arizona State University Campus Immersion,https://engineering.asu.edu
North Greenville University,https://www.ngu.edu/opt-out-preferences/#cmplz-manage-consent-container
Nicholls State University,https://www.nicholls.edu/current-students
Arizona State University Campus Immersion,https://scai.engineering.asu.edu
Villanova University,https://www1.villanova.edu/university/visit.html
North Greenville University,https://www.ngu.edu/opt-out-preferences/
Arizona State University Campus Immersion,https://scai.engineering.asu.edu/computer-science-bs/concentrations/
North Greenville University,https://www.ngu.edu/privacy-policy/
CUNY Graduate School and University Center,https://www.cloudflare.com/5xx-error-landing
Arizona State University Campus Immersion,http://engineering.asu.edu/visit/
North Greenville University,https://www.ngu.edu/#
North Greenville University,https://www.ngu.edu
Nicholls State University,https://www.nicholls.edu/faculty-staff
North Greenville University,https://www.ngu.edu/academics/
Villanova University,https://www1.villanova.edu/university/apply.html
North Greenville University,https://www.ngu.edu/program-search/
North Greenville University,https://www.ngu.edu/about/our-colleges/
North Greenville University,https://www.ngu.edu/academics/undergraduate-study/
Oakland City University,https://www.oak.edu/
North Greenville University,https://www.ngu.edu/academics/graduate/
Nicholls State University,https://www.nicholls.edu/current-students
Oakland City University,https://www.oak.edu/admissions/apply-now/
North Greenville University,https://www.ngu.edu/academics/online-study/
Villanova University,https://www1.villanova.edu/university/give.html
Oakland City University,https://www.oak.edu/admissions/visit-campus/
North Greenville University,https://www.ngu.edu/academics/hester-memorial-library/
North Greenville University,https://www.ngu.edu/academics/academic-centers/
Nicholls State University,https://www.nicholls.edu/admissions/apply/
Oakland City University,https://www.oak.edu/admissions/request-more-information/
Southern Oregon University,https://sou.edu/#main
North Greenville University,https://www.ngu.edu/life-at-ngu/
Oakland City University,https://www.oak.edu/give
Southern Oregon University,https://sou.edu/president/leadership/
North Greenville University,https://www.ngu.edu/life-at-ngu/leading-with-faith/
Villanova University,https://www1.villanova.edu/javascript:void(0)
Oakland City University,https://www.oak.edu/about/
North Greenville University,https://www.ngu.edu/life-at-ngu/campus-life/
Southern Oregon University,https://news.sou.edu
North Greenville University,https://www.ngu.edu/life-at-ngu/beyond-our-campus/
Oakland City University,https://www.oak.edu/about/
North Greenville University,https://www.ngu.edu/life-at-ngu/services/
Nicholls State University,https://www.nichollsfoundation.org/
University of Central Oklahoma,https://www.uco.edu/#
Oakland City University,https://www.oak.edu/about/fast-facts/
North Greenville University,https://www.ngu.edu/admissions/
North Greenville University,https://www.ngu.edu/admissions/visit/
Oakland City University,https://www.oak.edu/about/accreditation/
Villanova University,https://www1.villanova.edu/university/visit.html
North Greenville University,https://www.ngu.edu/admissions/how-to-apply/
Oakland City University,https://www.oak.edu/about/faith-and-service/
North Greenville University,https://www.ngu.edu/admissions/tuition-fees/
Nicholls State University,https://www.nicholls.edu/javascript:void(0)
North Greenville University,https://www.ngu.edu/admissions/financial-aid/
Oakland City University,https://www.oak.edu/about/leadership/
North Greenville University,https://www.ngu.edu/admissions/undergraduate-admission-faqs/
University of Central Oklahoma,https://www.uco.edu/#main-content
Arizona State University Campus Immersion,https://engineering.asu.edu/
Oakland City University,https://www.oak.edu/about/leadership/strategic-plan/
Villanova University,https://www1.villanova.edu/university/apply.html
Oakland City University,https://www.oak.edu/about/diversity-and-inclusion/
Nicholls State University,https://www.nicholls.edu
Oakland City University,https://www.oak.edu/about/consumer-information/
Oakland City University,https://www.oak.edu/admissions/
North Greenville University,https://www.ngu.edu/#
Villanova University,https://www1.villanova.edu/university/give.html
Oakland City University,https://www.oak.edu/admissions/
Nicholls State University,https://www.nicholls.edu/about
University of Central Oklahoma,https://www.uco.edu/admissions/apply/
University of California-Merced,https://engage.ucmerced.edu/
North Greenville University,https://www.ngu.edu/#
Oakland City University,https://www.oak.edu/admissions/undergraduate/
North Greenville University,https://www.ngu.edu/#
Oakland City University,https://www.oak.edu/admissions/graduate/
North Greenville University,https://www.ngu.edu/#
Northwest Nazarene University,https://nnu.edu/
Oakland City University,https://www.oak.edu/admissions/student-ambassadors/
North Greenville University,https://www.ngu.edu/academics/
Villanova University,https://www1.villanova.edu/javascript:void(0)
Northwest Nazarene University,https://nnu.edu/admissions-aid/
Nicholls State University,https://www.nicholls.edu/donate
Oakland City University,https://www.oak.edu/admissions/international-students/
North Greenville University,https://www.ngu.edu/life-at-ngu/
Northwest Nazarene University,https://nnu.edu/admissions-aid/
North Greenville University,https://www.ngu.edu/admissions/
Oakland City University,https://www.oak.edu/admissions/transfer-students/
University of Central Oklahoma,https://www3.uco.edu/centraldirectory/
Northwest Nazarene University,https://nnu.edu/admissions-aid/request-more-information/
Nash Community College,https://ss-prod-cloud.nashcc.edu/#tab1-content
Northwest Nazarene University,https://nnu.edu/admissions-aid/visit-our-campus/
Oakland City University,https://www.oak.edu/admissions/correspondence-students/
Nicholls State University,https://www.nicholls.edu/academics
Villanova University,https://www1.villanova.edu/#globalnav-v2
Northwest Nazarene University,https://nnu.edu/admissions-aid/undergraduate-admissions/
Oakland City University,https://www.oak.edu/admissions/tuition-and-aid/
Northwest Nazarene University,https://nnu.edu/admissions-aid/concurrent-credit/
Oakland City University,https://www.oak.edu/admissions/admitted-students/
Suffolk County Community College,https://www.sunysuffolkathletics.com
Northwest Nazarene University,https://nnu.edu/admissions-aid/graduate-admissions/
North Greenville University,https://www.ngu.edu/events
Oakland City University,https://www.oak.edu/admissions/visit-campus/
Nash Community College,https://ss-prod-cloud.nashcc.edu/#tab2-content
Northwest Nazarene University,https://nnu.edu/admissions-aid/degree-completion/
Nicholls State University,https://www.nicholls.edu/degrees
Villanova University,https://www1.villanova.edu/#about
Oakland City University,https://www.oak.edu/admissions/apply-now/
Northwest Nazarene University,https://nnu.edu/admissions-aid/tuition-fees/
Oakland City University,https://www.oak.edu/academics/
Northwest Nazarene University,https://nnu.edu/admissions-aid/financial-aid/
Oakland City University,https://www.oak.edu/academics/
Northwest Nazarene University,https://nnu.edu/admissions-aid/apply-now/
Nicholls State University,https://www.nicholls.edu/online
Oakland City University,https://www.oak.edu/academics/undergraduate-majors-and-minors/
Northwest Nazarene University,https://nnu.edu/admissions-aid/life-after-nnu/
Villanova University,https://www1.villanova.edu/university/leadership.html
Oakland City University,https://www.oak.edu/academics/graduate-studies/
Northwest Nazarene University,https://nnu.edu/admissions-aid/visit-our-campus/
Oakland City University,https://www.oak.edu/academics/seminary/
Northwest Nazarene University,https://nnu.edu/admissions-aid/request-more-information/
Oakland City University,https://www.oak.edu/academics/registrar-services/
Northwest Nazarene University,https://nnu.edu/admissions-aid/undergraduate-admissions/
Northwest Nazarene University,https://nnu.edu/admissions-aid/concurrent-credit/
Villanova University,https://www1.villanova.edu/university/mission-ministry.html
Oakland City University,http://library.oak.edu
Northwest Nazarene University,https://nnu.edu/admissions-aid/graduate-admissions/
Nicholls State University,https://www.nicholls.edu/calendar/academic/
Southern Oregon University,https://oca.sou.edu/
Oakland City University,https://www.oak.edu/student-life/
Northwest Nazarene University,https://nnu.edu/admissions-aid/degree-completion/
Southwestern Oregon Community College,https://www.socc.edu/
Oakland City University,https://www.oak.edu/student-life/
Northwest Nazarene University,https://nnu.edu/admissions-aid/tuition-fees/
Villanova University,https://www1.villanova.edu/university/diversity-inclusion.html
Nicholls State University,https://www.nicholls.edu/catalog/
Oakland City University,https://www.oak.edu/student-life/housing/
Northwest Nazarene University,https://nnu.edu/admissions-aid/financial-aid/
North Greenville University,https://www.ngu.edu/about/
Southwestern Oregon Community College,https://www.socc.edu/
University of Central Oklahoma,https://uconnect.uco.edu
Northwest Nazarene University,https://nnu.edu/admissions-aid/apply-now/
Oakland City University,https://www.oak.edu/student-life/dining/
South Dakota School of Mines and Technology,"https://ecatalog.sdsmt.edu/javascript:__doPostBack('ctl00%24ctl00%24Header1%24LinkButton1','')"
North Greenville University,https://www.ngu.edu/info-for/
Villanova University,https://www1.villanova.edu/university/fast-facts.html
Northwest Nazarene University,https://nnu.edu/admissions-aid/life-after-nnu/
Southern Oregon University,https://alumni.sou.edu/
Oakland City University,https://www.oak.edu/student-life/campus-recreation-centers/
Nicholls State University,https://www.nicholls.edu/admissions
North Greenville University,https://www.ngu.edu/tel:8649777000
Northwest Nazarene University,https://nnu.edu/admissions-aid/visit-our-campus/
Southern Oregon University,https://giving.sou.edu/
Oakland City University,https://www.oak.edu/student-life/campus-safety/
Villanova University,https://www1.villanova.edu/#admissions
Oakland City University,https://www.oak.edu/student-life/student-organizations-clubs/
Northwest Nazarene University,https://nnu.edu/admissions-aid/request-more-information/
University of Central Oklahoma,https://jobs.uco.edu/
Nicholls State University,https://www.nicholls.edu/tour/
Northwest Nazarene University,https://nnu.edu/admissions-aid/apply-now/
Oakland City University,https://www.oak.edu/student-life/faith-life/
Northwest Nazarene University,https://nnu.edu/academics/
Oakland City University,https://www.oak.edu/student-life/student-services/
Northwest Nazarene University,https://nnu.edu/academics/
Villanova University,https://www1.villanova.edu/university/undergraduate-admission.html
Northwest Nazarene University,https://nnu.edu/admissions-aid/request-more-information/
Nicholls State University,https://www.nicholls.edu/admissions
University of Central Oklahoma,https://www.uco.edu/campus-maps/
Northwest Nazarene University,https://nnu.edu/admissions-aid/visit-our-campus/
Miami University-Middletown,http://givetomiamioh.org/
Northwest Nazarene University,https://nnu.edu/academics/find-your-degree/
Lee University,https://www.leeuniversity.edu/
Oakland City University,https://www.oak.edu/contact/
Villanova University,https://www1.villanova.edu/university/graduate-adult-admission.html
Nicholls State University,https://www.nicholls.edu/admissions
Northwest Nazarene University,https://nnu.edu/academics/undergraduate-studies/
Lee University,https://www.leeuniversity.edu/coronavirus/
Ventura College,https://vcccd.instructure.com/
North Greenville University,https://www.ngu.edu/events/
Northwest Nazarene University,https://nnu.edu/academics/graduate-professional-studies/
Oakland City University,https://www.oak.edu/admissions/request-more-information/
Nebraska College of Technical Agriculture,https://nufoundation.org/fund/01039880/
Nicholls State University,https://www.nicholls.edu/student-life
Villanova University,https://www1.villanova.edu/university/law/admissions.html
Lee University,https://www.websitealive3.com/10873/operator/guest/gDefault_v2.asp?cframe=login&chattype=normal&groupid=10873&websiteid=0&departmentid=9833&sessionid_=&iniframe=&ppc_id=&autostart=&proactiveid=&req_router_type=&text2chat_info=&loginname=&loginnamelast=&loginemail=&loginphone=&infocapture_ids=&infocapture_values=&dl=http%3A%2F%2Fleeuniversity%2Eedu%2F%23&loginquestion=
Oakland City University,https://www.oak.edu/admissions/visit-campus/
Northwest Nazarene University,https://nnu.edu/academics/center-for-professional-development/
Oakland City University,https://www.oak.edu/admissions/apply-now/
Northwest Nazarene University,https://nnu.edu/academics/student-outcomes/
Oakland City University,https://www.oak.edu/calendar/
Northwest Nazarene University,https://nnu.edu/academics/faculty-and-staff-directory/
Oakland City University,https://www.oak.edu/alumni-friends/
Northwest Nazarene University,https://nnu.edu/academics/student-support/
Nicholls State University,https://www.nicholls.edu/student-life
Mott Community College,https://www.mcc.edu/admissions/guest-student.shtml
Villanova University,https://www1.villanova.edu/university/office-of-financial-assistance.html
Northwest Nazarene University,https://nnu.edu/academics/find-your-degree/
Arizona State University Campus Immersion,https://engineering.asu.edu/admission-requirements/
Mott Community College,https://www.mcc.edu/financial-aid/sources-of-financial-aid.shtml
University of Central Oklahoma,https://www.uco.edu
Oakland City University,https://www.oak.edu/directory/
Southern Oregon University,https://sou.edu
Northwest Nazarene University,https://nnu.edu/academics/undergraduate-studies/
Mott Community College,https://www.mcc.edu/lifelong-learning/index.shtml
Villanova University,https://www1.villanova.edu/#academics
Nicholls State University,https://www.nicholls.edu/student-life
Castleton University,https://www.castleton.edu/admissions/for-first-year-students/how-to-apply/
Southern Oregon University,https://sou.edu/prospective-students/
Mott Community College,https://www.mcc.edu/improve-my-job-skills.shtml
Northwest Nazarene University,https://nnu.edu/academics/graduate-professional-studies/
Southern Oregon University,https://sou.edu/current-students/
Mott Community College,https://www.mcc.edu/parents/index.shtml
University of Central Oklahoma,https://www.uco.edu/admissions-aid/index.php
Northwest Nazarene University,https://nnu.edu/academics/center-for-professional-development/
Villanova University,https://www1.villanova.edu/university/academic-enterprise.html
Southern Oregon University,https://sou.edu/graduate-students/
Arizona State University Campus Immersion,https://scholarships.engineering.asu.edu/
Mott Community College,https://www.mcc.edu/train-hire-employees.shtml
Nicholls State University,https://www.nicholls.edu/student-life
Northwest Nazarene University,https://nnu.edu/academics/student-outcomes/
Mott Community College,https://www.mcc.edu/registration/register-for-classes.shtml
Southern Oregon University,https://sou.edu/academics/
North Greenville University,https://www.ngu.edu/about/
Northwest Nazarene University,https://nnu.edu/academics/faculty-and-staff-directory/
Mott Community College,https://www.mcc.edu/registration/search-classes-sections.shtml
Villanova University,https://www1.villanova.edu/university/teacher-scholars.html
Southern Oregon University,https://sou.edu/financial-aid/
North Greenville University,https://www.ngu.edu/info-for/
University of Central Oklahoma,https://www.uco.edu/academics.php
Nicholls State University,https://www.nicholls.edu/student-life
Oakland City University,https://www.oak.edu/give
North Greenville University,https://www.ngu.edu/info-for/current-ngu-students/
Mott Community College,https://www.mcc.edu/mcc_contact.shtml
Northwest Nazarene University,https://nnu.edu/academics/student-support/
Southern Oregon University,https://sou.edu/admissions/
Ventura College,https://venturacollegefoundation.org/
Villanova University,https://www1.villanova.edu/university/academic-enterprise.html#programs
University of Central Oklahoma,https://www.uco.edu/about.php
North Greenville University,https://www.ngu.edu/info-for/parents-families/
Northwest Nazarene University,https://nnu.edu/admissions-aid/apply-now/
Mott Community College,https://www.mcc.edu/index.shtml
Southern Oregon University,https://sou.edu/admissions/visit/
Castleton University,https://vermontstate.edu
Arizona State University Campus Immersion,https://scai.engineering.asu.edu/computer-science-bs/
Northwest Nazarene University,https://nnu.edu/campus-spiritual-life/
North Greenville University,https://www.ngu.edu/info-for/faculty/
Southern Oregon University,https://sou.edu/admissions/discover/request-info/
Mott Community College,https://www.mcc.edu/donate/
Arizona State University Campus Immersion,https://scai.engineering.asu.edu/computer-science-bs/degree-requirements/
Northwest Nazarene University,https://nnu.edu/campus-spiritual-life/
Nicholls State University,https://www.nicholls.edu/news
Lee University,https://www.leeuniversity.edu/alumni/
Villanova University,https://www1.villanova.edu/university/institutes-centers.html
Mott Community College,https://www.mcc.edu/programs/index.shtml
Southern Oregon University,https://sou.edu/admissions/apply/how-to-apply/
North Greenville University,https://www.ngu.edu/info-for/alumni/
University of Central Oklahoma,https://www.uco.edu/student-life/index.php
Northwest Nazarene University,https://nnu.edu/admissions-aid/request-more-information/
Arizona State University Campus Immersion,https://scai.engineering.asu.edu/cs-online-degree-requirements/
Jefferson Community College,https://idm.suny.edu/security/login/loginForm.do?campus=29490&tc=true&redirectUrl=https%3A%2F%2Fmylearning.suny.edu%2Fd2l%2Flp%2Fauth%2Fsaml%2Finitiate-login%3FentityId%3Dhttps%3A%2F%2Fidm.suny.edu%2Fshibboleth%2Fidp%2F%26target%3Dhttps%3A%2F%2Fmylearning.suny.edu%2Fd2l%2Fhome%2F219879
Mott Community College,https://www.mcc.edu/campus-life/index.shtml
Southern Oregon University,https://sou.edu/#
Lee University,https://www.leeuniversity.edu/directory/
Northwest Nazarene University,https://nnu.edu/admissions-aid/visit-our-campus/
Arizona State University Campus Immersion,https://scai.engineering.asu.edu/computer-science-bs/concentrations/
Mott Community College,https://www.mcc.edu/about/index.shtml
Southern Oregon University,https://sou.edu/admissions/apply/
Villanova University,https://www1.villanova.edu/university/academic-enterprise/honors.html
Mott Community College,https://www.mcc.edu/services/index.shtml
Northwest Nazarene University,https://nnu.edu/campus-spiritual-life/residential-life/
Arizona State University Campus Immersion,https://scai.engineering.asu.edu/computer-science-and-engineering-faculty/
Southern Oregon University,https://sou.edu/academics/computer-science/
Mott Community College,https://www.mcc.edu/community/index.shtml
Northwest Nazarene University,https://nnu.edu/campus-spiritual-life/our-campus/
Arizona State University Campus Immersion,https://scai.engineering.asu.edu/computer-science-bs/objectives-and-outcomes/
Southern Oregon University,https://sou.edu/academics/computer-science/programs/
Villanova University,https://www1.villanova.edu/villanova/provost/abroad.html
Arizona State University Campus Immersion,https://scai.engineering.asu.edu/accelerated-masters-in-cs-cse/
Nicholls State University,https://www.nichollsalumni.org/
Arizona State University Campus Immersion,http://engineering.asu.edu/visit/
Northwest Nazarene University,https://nnu.edu/campus-spiritual-life/spiritual-life/
University of Central Oklahoma,https://www.uco.edu/#
Northwest Nazarene University,https://nnu.edu/campus-spiritual-life/student-clubs-organizations/
Southern Oregon University,https://sou.edu/academics/computer-science/about/
Northwest Nazarene University,https://nnu.edu/campus-spiritual-life/student-services/
Villanova University,https://www1.villanova.edu/university/programs.html
Northwest Nazarene University,https://nnu.edu/campus-spiritual-life/residential-life/
Nicholls State University,https://www.nicholls.edu/about
University of Central Oklahoma,https://sites.uco.edu/academic-affairs/files/ug-catalog/ug-about-uco.pdf
Northwest Nazarene University,https://nnu.edu/campus-spiritual-life/our-campus/
Touro University New York,https://apply.touro.edu/lasflatbush
Southern Oregon University,https://sou.edu/academics/computer-science/faculty/
Villanova University,https://www1.villanova.edu/villanova/provost/calendar.html
Northwest Nazarene University,https://nnu.edu/campus-spiritual-life/spiritual-life/
Nicholls State University,https://www.nicholls.edu/donate
Southern Oregon University,https://sou.edu/academics/computer-science/contact/
Northwest Nazarene University,https://nnu.edu/campus-spiritual-life/student-clubs-organizations/
University of Central Oklahoma,https://sites.uco.edu/academic-affairs/files/ug-catalog/ug-people.pdf
Villanova University,https://www1.villanova.edu/#research
Northwest Nazarene University,https://nnu.edu/campus-spiritual-life/student-services/
Nicholls State University,https://www.nicholls.edu/academics
Mott Community College,https://catalog.mcc.edu/javascript:void(0)
Northwest Nazarene University,https://nnu.edu/admissions-aid/apply-now/
Southern California Institute of Architecture,https://channel.sciarc.edu/
Southern Oregon University,https://inside.sou.edu/careers/index.html
Arizona State University Campus Immersion,https://scai.engineering.asu.edu/computer-science-bs/objectives-and-outcomes/
Oakland City University,https://www.bls.gov/ooh/computer-and-information-technology/software-developers.htm
University of Central Oklahoma,https://sites.uco.edu/academic-affairs/files/ug-catalog/ug-admissions.pdf
Nicholls State University,https://www.nicholls.edu/degrees
Villanova University,https://www1.villanova.edu/university/research-scholarship.html.html
South Dakota School of Mines and Technology,"https://ecatalog.sdsmt.edu/javascript:__doPostBack('ctl00%24ctl00%24Header1%24UxMobileSearchSubmit','')"
Northwest Nazarene University,https://nnu.edu/about/
University of Evansville,https://www.evansville.edu/give/
Northwest Nazarene University,https://nnu.edu/about/
Salem University,https://portal.salemu.edu/
Nicholls State University,https://www.nicholls.edu/online
Northwest Nazarene University,https://nnu.edu/admissions-aid/request-more-information/
University of Central Oklahoma,https://sites.uco.edu/academic-affairs/files/ug-catalog/ug-generaldegree.pdf
Villanova University,https://www1.villanova.edu/university/research-scholarship/crf.html.html
Northwest Nazarene University,https://nnu.edu/admissions-aid/visit-our-campus/
Northwest Nazarene University,https://nnu.edu/about/at-a-glance/
Villanova University,https://www1.villanova.edu/university/research-scholarship/institute.html.html
Northwest Nazarene University,https://nnu.edu/about/mission-history/
University of Central Oklahoma,https://sites.uco.edu/academic-affairs/files/ug-catalog/ug-students.pdf
SIT Graduate Institute,https://graduate.sit.edu/home/admitted-students/
Northwest Nazarene University,https://nnu.edu/about/university-leadership/
Nicholls State University,https://www.nicholls.edu/calendar/academic/
Northwest Nazarene University,https://nnu.edu/about/campus-offices/
Villanova University,https://www1.villanova.edu/university/research-scholarship/research-administration.html.html
SIT Graduate Institute,https://graduate.sit.edu/home/admitted-students/mysit/
Wake Technical Community College,https://www.waketech.edu/#MainContent
Arizona State University Campus Immersion,https://engineering.asu.edu/enrollment/
University of Central Oklahoma,https://sites.uco.edu/academic-affairs/files/ug-catalog/ug-degree-list.pdf
Northwest Nazarene University,https://nnu.edu/about/accreditations-regulations/
SIT Graduate Institute,https://www.sit.edu/alumni/
Nicholls State University,https://www.nicholls.edu/catalog/
Wake Technical Community College,https://www.waketech.edu/
Arizona State University Campus Immersion,https://scai.engineering.asu.edu/
Northwest Nazarene University,https://nnu.edu/about/news/
Villanova University,https://www1.villanova.edu/university/research-scholarship/nsf-advance.html.html
SIT Graduate Institute,https://graduate.sit.edu/request-info/
University of Central Oklahoma,https://sites.uco.edu/academic-affairs/files/ug-catalog/university-core.pdf
Castleton University,https://www.castleton.edu/alumni-giving/
Wake Technical Community College,https://www.waketech.edu/solr-search
Nicholls State University,https://www.nicholls.edu/admissions
SIT Graduate Institute,https://graduate.sit.edu/log-in/
Northwest Nazarene University,https://nnu.edu/about/events/
Wake Technical Community College,https://www.waketech.edu/user/login
Villanova University,https://www1.villanova.edu/#libraries
Northwest Nazarene University,https://nnu.edu/about/at-a-glance/
SIT Graduate Institute,https://graduate.sit.edu/apply/
University of Central Oklahoma,https://sites.uco.edu/academic-affairs/files/ug-catalog/academic-degree-requirements.pdf
Nicholls State University,https://www.nicholls.edu/tour/
Wake Technical Community College,https://www.waketech.edu/
Northwest Nazarene University,https://nnu.edu/about/mission-history/
SIT Graduate Institute,https://graduate.sit.edu/donate/
Wake Technical Community College,https://www.waketech.edu/admissions
Northwest Nazarene University,https://nnu.edu/about/university-leadership/
SIT Graduate Institute,https://graduate.sit.edu/#
University of Central Oklahoma,https://www.uco.edu/#College_of_Business
Nicholls State University,https://www.nicholls.edu/admissions
Wake Technical Community College,https://www.waketech.edu/recruiting-and-outreach/visit-wake-tech
Northwest Nazarene University,https://nnu.edu/about/campus-offices/
Oakland City University,https://www.oak.edu/admissions/request-more-information/
SIT Graduate Institute,https://graduate.sit.edu/
Northwest Nazarene University,https://nnu.edu/about/accreditations-regulations/
Nicholls State University,https://www.nicholls.edu/admissions
Wake Technical Community College,https://www.waketech.edu/admissions#virtualtour
Oakland City University,https://www.oak.edu/admissions/visit-campus/
SIT Graduate Institute,https://graduate.sit.edu/
Northwest Nazarene University,https://nnu.edu/about/news/
University of Central Oklahoma,https://www.uco.edu/#College_of_Education_and_Professional_Studies
Oakland City University,https://www.oak.edu/academics/undergraduate-majors-and-minors/
Northwest Nazarene University,https://nnu.edu/about/events/
SIT Graduate Institute,https://graduate.sit.edu/about/
Villanova University,https://www1.villanova.edu/villanova/law/library.html
Wake Technical Community College,https://www.waketech.edu/become-a-student
Northwest Nazarene University,https://nnu.edu/admissions-aid/apply-now/
Nicholls State University,https://www.nicholls.edu/student-life
SIT Graduate Institute,https://graduate.sit.edu/about/sit-at-a-glance/
Oakland City University,https://www.oak.edu/academics/undergraduate-majors-and-minors/computer-science-bs/
University of Central Oklahoma,https://www.uco.edu/#College_of_Fine_Arts_and_Design
Oakland City University,https://www.oak.edu/academics/undergraduate-majors-and-minors/accounting/
Villanova University,https://www1.villanova.edu/#campus-life
SIT Graduate Institute,https://graduate.sit.edu/about/global-university/
Nicholls State University,https://www.nicholls.edu/student-life
Oakland City University,https://www.oak.edu/academics/undergraduate-majors-and-minors/applied-mathematics/
Northwest Nazarene University,https://nnu.edu/#
SIT Graduate Institute,https://graduate.sit.edu/about/career-impact/
University of Central Oklahoma,https://www.uco.edu/#College_of_Liberal_Arts
Northwest Nazarene University,https://nnu.edu/current-students/
Oakland City University,https://www.oak.edu/academics/undergraduate-majors-and-minors/biology/
SIT Graduate Institute,https://graduate.sit.edu/about/office-of-the-president/
Villanova University,https://www1.villanova.edu/university/student-life.html
SUNY Maritime College,https://www.suny.edu%3A443/time/flow/home-flow
Nicholls State University,https://www.nicholls.edu/student-life
Faith Baptist Bible College and Theological Seminary,https://faith.edu/
Oakland City University,https://www.oak.edu/academics/undergraduate-majors-and-minors/business-administration/
SUNY Maritime College,https://maritime.interviewexchange.com/static/clients/373SMM1/index.jsp
SIT Graduate Institute,https://www.sit.edu/about-us/leadership/sit-leadership/
Faith Baptist Bible College and Theological Seminary,https://faith.edu/#mm-0
University of Central Oklahoma,https://www.uco.edu/#College_of_Mathematics_and_Science
SIT Graduate Institute,https://www.sit.edu/sit_faculty/?sit_brand=SGI
Villanova University,https://www1.villanova.edu/university/dining.html.html
Nicholls State University,https://www.nicholls.edu/student-life
Arizona State University Campus Immersion,https://scai.engineering.asu.edu/contact/
Oakland City University,https://www.oak.edu/academics/undergraduate-majors-and-minors/chemistry/
SIT Graduate Institute,https://graduate.sit.edu/learning-outcomes-achievement/
Oakland City University,https://www.oak.edu/academics/undergraduate-majors-and-minors/christian-education/
Faith Baptist Bible College and Theological Seminary,https://faith.edu/admissions/
SIT Graduate Institute,https://graduate.sit.edu/programs-of-study/
Nicholls State University,https://www.nicholls.edu/student-life
Mississippi University for Women,https://bulletin.muw.edu/javascript:void(0);
Villanova University,https://www1.villanova.edu/university/residence-life.html
Arizona State University Campus Immersion,https://invest.engineering.asu.edu
Oakland City University,https://www.oak.edu/academics/undergraduate-majors-and-minors/christian-studies/
University of Central Oklahoma,https://sites.uco.edu/academic-affairs/files/ug-catalog/ug-cb-degrees.pdf
Faith Baptist Bible College and Theological Seminary,https://faith.edu/#mm-1
South Dakota School of Mines and Technology,"https://ecatalog.sdsmt.edu/javascript:__doPostBack('ctl00$ctl00$Header1$UxSearchSubmit','')"
Oakland City University,https://www.oak.edu/academics/undergraduate-majors-and-minors/communications/
Faith Baptist Bible College and Theological Seminary,https://faith.edu/academics/
Oakland City University,https://www.oak.edu/academics/undergraduate-majors-and-minors/creative-technologies/
Faith Baptist Bible College and Theological Seminary,https://faith.edu/#mm-2
University of Central Oklahoma,https://sites.uco.edu/academic-affairs/files/ug-catalog/degree-sheets/cb/accounting.pdf
Oakland City University,https://www.oak.edu/academics/undergraduate-majors-and-minors/creative-writing/
Lee University,https://www.leeuniversity.edu/about/contact/
South Dakota School of Mines and Technology,https://ecatalog.sdsmt.edu/javascript:void(0);
Faith Baptist Bible College and Theological Seminary,https://faith.edu/campus-life/
Nicholls State University,https://www.nicholls.edu/news
Lee University,https://www.leeuniversity.edu/about/
Oakland City University,https://www.oak.edu/academics/undergraduate-majors-and-minors/criminal-justice/
Villanova University,https://www1.villanova.edu/university/public-safety.html
Faith Baptist Bible College and Theological Seminary,https://faith.edu/#mm-3
Northwest Nazarene University,https://nnu.edu/academics/student-support/career-development/
Nicholls State University,https://www.nichollsalumni.org/
Lee University,https://www.leeuniversity.edu/about/
University of Central Oklahoma,https://sites.uco.edu/academic-affairs/files/ug-catalog/degree-sheets/cb/certificates.pdf
Oakland City University,https://www.oak.edu/academics/undergraduate-majors-and-minors/early-childhood-education/
Ventura College,https://venturacollegefoundation.org/
Lee University,https://www.leeuniversity.edu/president/
Northwest Nazarene University,https://nnu.edu/parents/
Villanova University,https://www1.villanova.edu/university/health-services.html
Faith Baptist Bible College and Theological Seminary,https://faith.edu/about/
Oakland City University,https://www.oak.edu/academics/undergraduate-majors-and-minors/english/
Nicholls State University,https://www.nichollsfoundation.org/
Lee University,https://www.leeuniversity.edu/about/our-history/
Oakland City University,https://www.oak.edu/academics/undergraduate-majors-and-minors/elementary-education/
Northwest Nazarene University,https://nnu.edu/alumni/
Faith Baptist Bible College and Theological Seminary,https://faith.edu/#mm-4
University of Central Oklahoma,https://sites.uco.edu/academic-affairs/files/ug-catalog/degree-sheets/cb/busadm-genbus.pdf
Oakland City University,https://www.oak.edu/academics/undergraduate-majors-and-minors/elementary-education-special-education/
Northwest Nazarene University,https://nnu.edu/admissions-aid/admisiones-y-ayuda/
Lee University,https://www.leeuniversity.edu/about/quick-facts/
Faith Baptist Bible College and Theological Seminary,https://faith.edu/events/
Villanova University,https://www1.villanova.edu/university/fitness-recreation.html.html
Northwest Nazarene University,https://nnu.edu/admissions-aid/admisiones-y-ayuda/
Nicholls State University,https://www.nicholls.edu/javascript:void(0)
Lee University,https://www.leeuniversity.edu/about/rank/
Oakland City University,https://www.oak.edu/academics/undergraduate-majors-and-minors/entrepreneurship-and-innovation/
Lee University,https://www.leeuniversity.edu/academics/
University of Central Oklahoma,https://sites.uco.edu/academic-affairs/files/ug-catalog/degree-sheets/cb/busadm-intnlbus.pdf
Oakland City University,https://www.oak.edu/academics/undergraduate-majors-and-minors/history/
Faith Baptist Bible College and Theological Seminary,https://fbbceagles.com/landing/index
Northwest Nazarene University,https://nnu.edu/academics/programs/doctorado-en-teologia/
Lee University,https://www.leeuniversity.edu/events/category/academic/
Nicholls State University,https://www.nicholls.edu
Oakland City University,https://www.oak.edu/academics/undergraduate-majors-and-minors/journalism/
Faith Baptist Bible College and Theological Seminary,https://faith.edu/current-students/
Northwest Nazarene University,https://nnu.edu/give/
Lee University,https://www.leeuniversity.edu/academics/arts-sciences/
Villanova University,https://www1.villanova.edu/#alumni
Faith Baptist Bible College and Theological Seminary,https://faith.edu/#mm-menu-main-nav-menu
Oakland City University,https://www.oak.edu/academics/undergraduate-majors-and-minors/lay-ministry/
University of Central Oklahoma,https://sites.uco.edu/academic-affairs/files/ug-catalog/degree-sheets/cb/busadm-buslaw.pdf
Lee University,https://www.leeuniversity.edu/academics/business/
Nicholls State University,https://www.nicholls.edu/about
Oakland City University,https://www.oak.edu/academics/undergraduate-majors-and-minors/operations-management/
Faith Baptist Bible College and Theological Seminary,https://faith.edu/#mm-menu-main-nav-menu
Oakland City University,https://www.oak.edu/academics/undergraduate-majors-and-minors/pastoral-ministry/
Villanova University,https://www1.villanova.edu/university/alumni.html
Faith Baptist Bible College and Theological Seminary,https://faith.edu/admissions/apply/
University of Central Oklahoma,https://sites.uco.edu/academic-affairs/files/ug-catalog/degree-sheets/cb/economics.pdf
Lee University,https://www.leeuniversity.edu/academics/music/
Nicholls State University,https://www.nicholls.edu/donate
Oakland City University,https://www.oak.edu/academics/undergraduate-majors-and-minors/philosophy/
Faith Baptist Bible College and Theological Seminary,https://faith.edu/why-faith/
Northwest Nazarene University,https://nnu.edu/
Oakland City University,https://www.oak.edu/academics/undergraduate-majors-and-minors/physical-education-and-health-all-grade/
Lee University,https://www.leeuniversity.edu/academics/nursing/
Northwest Nazarene University,https://nnu.edu/
Faith Baptist Bible College and Theological Seminary,https://faith.edu/requirements/
Villanova University,https://www1.villanova.edu/university/advancement.html
University of California-Merced,https://engage.ucmerced.edu/
Oakland City University,https://www.oak.edu/academics/undergraduate-majors-and-minors/applied-health-fitness/
Nicholls State University,https://www.nicholls.edu/academics
Northwest Nazarene University,https://nnu.edu/admissions-aid/
Faith Baptist Bible College and Theological Seminary,https://faith.edu/admissions/tuition-aid/
University of Central Oklahoma,https://sites.uco.edu/academic-affairs/files/ug-catalog/degree-sheets/cb/econ-energyecon.pdf
Lee University,https://www.leeuniversity.edu/academics/religion/
Oakland City University,https://www.oak.edu/academics/undergraduate-majors-and-minors/psychology/
Faith Baptist Bible College and Theological Seminary,https://faith.edu/admissions/fafsa-news-updates/
Wright State University-Lake Campus,https://wings.wright.edu
Northwest Nazarene University,https://nnu.edu/admissions-aid/
Lee University,https://www.leeuniversity.edu/online/
Oakland City University,https://www.oak.edu/academics/undergraduate-majors-and-minors/servant-leadership/
Villanova University,https://www1.villanova.edu/#fourth-level-pages
Nicholls State University,https://www.nicholls.edu/degrees
The New School,https://www.newschool.edu/
Faith Baptist Bible College and Theological Seminary,https://faith.edu/admissions/admissions-staff/
Northwest Nazarene University,https://nnu.edu/admissions-aid/request-more-information/
University of Central Oklahoma,https://sites.uco.edu/academic-affairs/files/ug-catalog/degree-sheets/cb/finance.pdf
Lee University,https://www.leeuniversity.edu/graduate/
Oakland City University,https://www.oak.edu/academics/undergraduate-majors-and-minors/special-education-mild-intervention-all-grade/
Faith Baptist Bible College and Theological Seminary,https://faith.edu/#mm-menu-main-nav-menu
Northwest Nazarene University,https://nnu.edu/admissions-aid/visit-our-campus/
Oakland City University,https://www.oak.edu/academics/undergraduate-majors-and-minors/university-studies/
Lee University,https://www.leeuniversity.edu/encore/
Faith Baptist Bible College and Theological Seminary,https://faith.edu/#mm-menu-main-nav-menu
Villanova University,https://www1.villanova.edu/university/liberal-arts-sciences/programs.html
Nicholls State University,https://www.nicholls.edu/online
Northwest Nazarene University,https://nnu.edu/admissions-aid/undergraduate-admissions/
Oakland City University,https://www.oak.edu/about/fast-facts/
Northwest Nazarene University,https://nnu.edu/admissions-aid/concurrent-credit/
University of Central Oklahoma,https://sites.uco.edu/academic-affairs/files/ug-catalog/degree-sheets/cb/finance-insuranceriskmgmt.pdf
Lee University,https://www.leeuniversity.edu/library/
Faith Baptist Bible College and Theological Seminary,https://faith.edu/academics/undergraduate/
Oakland City University,https://www.oak.edu/admissions/request-more-information/
Northwest Nazarene University,https://nnu.edu/admissions-aid/graduate-admissions/
Villanova University,https://www1.villanova.edu/university/liberal-arts-sciences/admissions.html
Faith Baptist Bible College and Theological Seminary,https://faith.edu/academics/online/
Lee University,https://www.leeuniversity.edu/student-success/
Northwest Nazarene University,https://nnu.edu/admissions-aid/degree-completion/
Faith Baptist Bible College and Theological Seminary,https://faith.edu/academics/seminary/
Oakland City University,https://www.oak.edu/admissions/visit-campus/
Lee University,https://www.leeuniversity.edu/admissions/
University of Central Oklahoma,https://sites.uco.edu/academic-affairs/files/ug-catalog/degree-sheets/cb/certificates.pdf
Northwest Nazarene University,https://nnu.edu/admissions-aid/tuition-fees/
Nicholls State University,https://www.nicholls.edu/calendar/academic/
Villanova University,https://www1.villanova.edu/university/liberal-arts-sciences/experience.html
Lee University,https://www.leeuniversity.edu/undergraduate/
Oakland City University,https://www.oak.edu/about/campus-map/
Faith Baptist Bible College and Theological Seminary,https://faith.edu/about/accreditation/
Northwest Nazarene University,https://nnu.edu/admissions-aid/financial-aid/
Walden University,https://my.waldenu.edu/
Lee University,https://www.leeuniversity.edu/graduate/
Oakland City University,https://www.oak.edu/news-events/
Faith Baptist Bible College and Theological Seminary,https://faith.edu/faculty/?faculty=undergraduate
Walden University,https://mytempo.waldenu.edu/
Oakland City University,https://www.oak.edu/calendar/
Northwest Nazarene University,https://nnu.edu/admissions-aid/apply-now/
University of Central Oklahoma,https://sites.uco.edu/academic-affairs/files/ug-catalog/degree-sheets/cb/infoandopmgmt-mis.pdf
Lee University,https://www.leeuniversity.edu/online/
Villanova University,https://www1.villanova.edu/university/liberal-arts-sciences/scholarship.html
Nicholls State University,https://www.nicholls.edu/catalog/
Faith Baptist Bible College and Theological Seminary,https://faith.edu/academics/catalogs/
Oakland City University,https://bands.oak.edu
Lee University,https://www.leeuniversity.edu/new-students/transfer/
Faith Baptist Bible College and Theological Seminary,https://faith.edu/academics/fasttrack/
Northwest Nazarene University,https://nnu.edu/admissions-aid/life-after-nnu/
Nicholls State University,https://www.nicholls.edu/admissions
University of Central Oklahoma,https://sites.uco.edu/academic-affairs/files/ug-catalog/degree-sheets/cb/infoandopmgmt-opsupplychainmgmt.pdf
Walden University,https://dvi.sharepoint.com/sites/WaldenFacultyPortalHub
Villanova University,https://www1.villanova.edu/university/liberal-arts-sciences/about.html
Faith Baptist Bible College and Theological Seminary,https://faith.edu/library/
Northwest Nazarene University,https://nnu.edu/admissions-aid/visit-our-campus/
Lee University,https://www.leeuniversity.edu/veterans/
Glen Oaks Community College,https://glenoaksathletics.com/
Florida Institute of Technology-Online,https://online.fit.edu/
Faith Baptist Bible College and Theological Seminary,https://faith.edu/academics/student-academic-resources/
Lee University,https://www.leeuniversity.edu/financial-aid/
Northwest Nazarene University,https://nnu.edu/admissions-aid/request-more-information/
Nicholls State University,https://www.nicholls.edu/tour/
University of Central Oklahoma,https://sites.uco.edu/academic-affairs/files/ug-catalog/degree-sheets/cb/management.pdf
Faith Baptist Bible College and Theological Seminary,https://faith.edu/academics/transfer-credit-policies/
Villanova University,https://campusevents.villanova.edu/
Lee University,https://www.leeuniversity.edu/new-students/parents/
Faith Baptist Bible College and Theological Seminary,https://faith.edu/#mm-menu-main-nav-menu
Lee University,https://www.leeuniversity.edu/summer-honors/
Nicholls State University,https://www.nicholls.edu/tour/
Faith Baptist Bible College and Theological Seminary,https://faith.edu/#mm-menu-main-nav-menu
University of Central Oklahoma,https://sites.uco.edu/academic-affairs/files/ug-catalog/degree-sheets/cb/mgmt-humanresmgmt.pdf
Lee University,https://www.leeuniversity.edu/student-life/
Faith Baptist Bible College and Theological Seminary,https://faith.edu/campus-life/campus-map/
Nicholls State University,https://www.nicholls.edu/admissions/scholarships
Faith Baptist Bible College and Theological Seminary,https://faith.edu/campus-life/spiritual-life/
Oakland City University,https://www.oak.edu/give
University of Central Oklahoma,https://sites.uco.edu/academic-affairs/files/ug-catalog/degree-sheets/cb/mgmt-pga.pdf
Faith Baptist Bible College and Theological Seminary,https://faith.edu/campus-life/health-and-safety/
Nicholls State University,https://www.nicholls.edu/student-life
Oakland City University,https://www.oak.edu/student-life/student-services/career-services/
Oakland City University,http://library.oak.edu
Faith Baptist Bible College and Theological Seminary,https://faith.edu/campus-life/dining/
Faith Baptist Bible College and Theological Seminary,https://faith.edu/campus-life/housing/
Oakland City University,https://www.oak.edu/directory/
Southern Oregon University,https://sou.edu/tel:+15415526974
Nicholls State University,https://www.nicholls.edu/student-life/
University of Central Oklahoma,https://sites.uco.edu/academic-affairs/files/ug-catalog/degree-sheets/cb/marketing.pdf
Lee University,https://www.leeuniversity.edu/events/
Southern Oregon University,https://sou.edu/mailto:vanderbem@sou.edu
Oakland City University,https://www.oak.edu/admissions/request-more-information/
Faith Baptist Bible College and Theological Seminary,https://faith.edu/campus-life/co-curricular-activities/
Oakland City University,https://www.oak.edu/admissions/visit-campus/
Lee University,https://www.leeuniversity.edu/news/
Faith Baptist Bible College and Theological Seminary,https://faith.edu/global-reach/
Southern Oregon University,https://sou.edu/tel:+15415526472
Nicholls State University,https://www.nicholls.edu/student-life/
University of Central Oklahoma,https://sites.uco.edu/academic-affairs/files/ug-catalog/degree-sheets/cb/mrkt-profselling.pdf
Lee University,https://www.leeuniversity.edu/admissions/inquiry/
Oakland City University,https://www.oak.edu/admissions/apply-now/
Southern Oregon University,https://sou.edu/mailto:rutledgea@sou.edu
Faith Baptist Bible College and Theological Seminary,https://faith.edu/campus-life/ministry-opportunities/
Central Methodist University-College of Liberal Arts and Sciences,https://www.centralmethodist.edu/../../../index.html
Lee University,https://www.leeuniversity.edu/admissions/visit/
Oakland City University,https://www.oak.edu/#
Southern Oregon University,https://go.roguecc.edu/department/computer-science
Nicholls State University,https://www.nicholls.edu/recreation/
Faith Baptist Bible College and Theological Seminary,https://faith.edu/campus-life/music-ensembles/
University of Central Oklahoma,https://sites.uco.edu/academic-affairs/files/ug-catalog/degree-sheets/cb/minors-cb.pdf
Oakland City University,https://www.oak.edu/student-life/current-students/
Central Methodist University-College of Liberal Arts and Sciences,https://www.centralmethodist.edu/../../../admissions/applications.html
Faith Baptist Bible College and Theological Seminary,https://faith.edu/campus-life/student-life-staff/
Southern Oregon University,https://umpqua.edu/computer-science
Nicholls State University,https://www.nicholls.edu/student-life/
Faith Baptist Bible College and Theological Seminary,https://faith.edu/campus-life/ankeny-community/
Oakland City University,https://www.oak.edu/faculty-staff/
Wright State University-Lake Campus,https://wings.wright.edu
Southern Oregon University,https://sou.edu/academics/emda/programs/emda-ba-bs/
University of Central Oklahoma,https://www.uco.edu/#Undergraduate_Catalog
Oakland City University,https://www.oak.edu/forms/
Faith Baptist Bible College and Theological Seminary,https://faith.edu/#mm-menu-main-nav-menu
Southern Oregon University,https://sou.edu/academics/computer-science/programs/cybersecurity-certificate/
Faith Baptist Bible College and Theological Seminary,https://faith.edu/#mm-menu-main-nav-menu
Oakland City University,https://www.oak.edu/accessibility/
Southern Oregon University,https://sou.edu/academics/computer-science/programs/network-technology/
University of Central Oklahoma,https://sites.uco.edu/academic-affairs/files/ug-catalog/ug-ceps-degrees.pdf
Nicholls State University,https://www.nicholls.edu/news
Southern Oregon University,https://sou.edu/academics/computer-science/programs/digital-security/
Faith Baptist Bible College and Theological Seminary,https://faith.edu/about/what-we-believe/
Oakland City University,https://www.oak.edu/copyright/
Nicholls State University,https://www.nichollsalumni.org
Faith Baptist Bible College and Theological Seminary,https://faith.edu/about/history/
Oakland City University,https://www.oak.edu/privacy/
Faith Baptist Bible College and Theological Seminary,https://faith.edu/about/leadership/
Oakland City University,https://www.oak.edu/jobs/
Faith Baptist Bible College and Theological Seminary,https://faith.edu/about/careers/
Nicholls State University,https://www.nicholls.edu/faculty-staff
Southern Union State Community College,https://cleancatalog.com
Villanova University,https://www1.villanova.edu/javascript:void(0)
University of Central Oklahoma,https://sites.uco.edu/academic-affairs/files/ug-catalog/degree-sheets/ceps/elem-education.pdf
Faith Baptist Bible College and Theological Seminary,https://faith.edu/resources/
Lee University,https://www.leeuniversity.edu/
Nicholls State University,https://www.nicholls.edu/current-students
Faith Baptist Bible College and Theological Seminary,https://faith.edu/#mm-menu-main-nav-menu
Villanova University,https://www1.villanova.edu/javascript:void(0)
Lee University,https://www.leeuniversity.edu/
Faith Baptist Bible College and Theological Seminary,https://faith.edu/#mm-menu-main-nav-menu
University of Central Oklahoma,https://sites.uco.edu/academic-affairs/files/ug-catalog/degree-sheets/ceps/fashion-marketing.pdf
Nicholls State University,https://www.nicholls.edu/degrees
Lee University,https://www.leeuniversity.edu/admissions/inquiry/
Faith Baptist Bible College and Theological Seminary,https://faith.edu/events/
Villanova University,https://www1.villanova.edu/university/liberal-arts-sciences.html
Glen Oaks Community College,https://glenoaksathletics.com/
Lee University,https://www.leeuniversity.edu/admissions/visit/
Faith Baptist Bible College and Theological Seminary,https://faith.edu/school-calendar/
University of Central Oklahoma,https://sites.uco.edu/academic-affairs/files/ug-catalog/degree-sheets/ceps/gen-studies.pdf
Nicholls State University,https://www.nicholls.edu/academics
Faith Baptist Bible College and Theological Seminary,https://faith.edu/current-students/
Faith Baptist Bible College and Theological Seminary,https://faith.edu/alumni/
University of Central Oklahoma,https://sites.uco.edu/academic-affairs/files/ug-catalog/degree-sheets/ceps/hdfs-child-development.pdf
Nicholls State University,https://www.nicholls.edu/online
Faith Baptist Bible College and Theological Seminary,https://faith.edu/give/
Faith Baptist Bible College and Theological Seminary,https://faith.edu/admissions/visit/
University of Central Oklahoma,https://sites.uco.edu/academic-affairs/files/ug-catalog/degree-sheets/ceps/hdfs-famlifespandev.pdf
Faith Baptist Bible College and Theological Seminary,https://faith.edu/admissions/apply
Faith Baptist Bible College and Theological Seminary,https://faith.edu/
Nicholls State University,https://www.nicholls.edu/calendar/academic/
Faith Baptist Bible College and Theological Seminary,https://faith.edu/admissions/
University of Central Oklahoma,https://sites.uco.edu/academic-affairs/files/ug-catalog/degree-sheets/ceps/kines-exer-fitnessmgmt.pdf
Nicholls State University,https://www.nicholls.edu/catalog/
Faith Baptist Bible College and Theological Seminary,https://faith.edu/admissions/apply/
Faith Baptist Bible College and Theological Seminary,https://faith.edu/why-faith/
University of Central Oklahoma,https://sites.uco.edu/academic-affairs/files/ug-catalog/degree-sheets/ceps/kines-outdoor-comrec.pdf
Faith Baptist Bible College and Theological Seminary,https://faith.edu/requirements/
Nicholls State University,https://www.nicholls.edu/catalog-2022-2023/
Faith Baptist Bible College and Theological Seminary,https://faith.edu/admissions/tuition-aid/
Faith Baptist Bible College and Theological Seminary,https://faith.edu/admissions/fafsa-news-updates/
University of Central Oklahoma,https://sites.uco.edu/academic-affairs/files/ug-catalog/degree-sheets/ceps/nutr-dietetics-foodmngmt.pdf
Augustana University,https://www.augielink.com
Faith Baptist Bible College and Theological Seminary,https://faith.edu/admissions/admissions-staff/
Southwestern Oregon Community College,https://www.socc.edu/visit
Faith Baptist Bible College and Theological Seminary,https://faith.edu/academics/
Northern Michigan University,https://www.nmu.edu/give/Mathematics
University of Central Oklahoma,https://sites.uco.edu/academic-affairs/files/ug-catalog/degree-sheets/ceps/occupational-safety.pdf
Nicholls State University,https://www.nicholls.edu/catalog-2022-2023/general_information/
Faith Baptist Bible College and Theological Seminary,https://faith.edu/academics/undergraduate/
Faith Baptist Bible College and Theological Seminary,https://faith.edu/academics/online/
Faith Baptist Bible College and Theological Seminary,https://faith.edu/academics/seminary/
Nicholls State University,https://www.nicholls.edu/catalog-2022-2023/degrees_and_requirements/
Southwestern Oregon Community College,https://www.socc.edu/curry-campus
University of Central Oklahoma,https://sites.uco.edu/academic-affairs/files/ug-catalog/degree-sheets/ceps/org-leadership.pdf
Faith Baptist Bible College and Theological Seminary,https://faith.edu/about/accreditation/
Villanova University,https://novanetwork.villanova.edu
Faith Baptist Bible College and Theological Seminary,https://faith.edu/faculty/?faculty=undergraduate
Nicholls State University,https://www.nicholls.edu/catalog-2022-2023/nicholls-online/
Central Methodist University-College of Liberal Arts and Sciences,https://www.centralmethodist.edu/../../../locations/index.html
University of Central Oklahoma,https://sites.uco.edu/academic-affairs/files/ug-catalog/degree-sheets/ceps/pe-health.pdf
Villanova University,https://www1.villanova.edu/university/liberal-arts-sciences.html
Faith Baptist Bible College and Theological Seminary,https://faith.edu/academics/catalogs/
Southwestern Oregon Community College,https://www.socc.edu/resources/become-a-student/
Southern Oregon University,https://sou.edu/academics/prior-learning-credit/
Faith Baptist Bible College and Theological Seminary,https://faith.edu/academics/fasttrack/
Southern Oregon University,https://sou.edu/academics/computer-science/programs/
University of Central Oklahoma,https://sites.uco.edu/academic-affairs/files/ug-catalog/degree-sheets/ceps/psychology.pdf
Villanova University,https://www1.villanova.edu/university/liberal-arts-sciences/programs.html
Southwestern Oregon Community College,https://www.socc.edu/programs-classes/pathways-degrees/
Faith Baptist Bible College and Theological Seminary,https://faith.edu/library/
Southern Oregon University,https://sou.edu/academics/computer-science/programs/computer-science-ba-bs/
Faith Baptist Bible College and Theological Seminary,https://faith.edu/academics/student-academic-resources/
Nicholls State University,https://www.nicholls.edu/catalog-2022-2023/admissions/
Lee University,https://www.leeuniversity.edu/about/
Southwestern Oregon Community College,https://www.socc.edu/explore-swocc/student-housing/
Southern Oregon University,https://sou.edu/academics/computer-science/programs/computer-science-minor/
Shenandoah University,https://www.su.edu/employment-opportunities/
