name,link,time
Kansas State University,https://www.cs.ksu.edu/#main,0.3433647155761719
Rutgers University-New Brunswick,https://www.rutgers.edu,0.6881089210510254
Colorado State University-Fort Collins,https://compsci.colostate.edu/#theme-page,0.946014404296875
Kansas State University,https://www.cs.ksu.edu/#js-global-footer,1.782580852508545
Cornell University,https://www.cs.cornell.edu/,1.9659419059753418
Colorado State University-Fort Collins,https://www.natsci.colostate.edu,0.4156355857849121
Princeton University,http://csguide.cs.princeton.edu,2.050088882446289
Kansas State University,https://www.k-state.edu,0.18255949020385742
Colorado State University-Fort Collins,https://compsci.colostate.edu/,0.9949038028717041
Cornell University,https://www.cs.cornell.edu/information/about,1.5335497856140137
Colorado State University-Fort Collins,https://compsci.colostate.edu/about/,1.4114341735839844
Cornell University,https://www.cs.cornell.edu/information/about,1.0663213729858398
Princeton University,https://www.math.princeton.edu/,0.4804573059082031
Cornell University,https://www.cs.cornell.edu/information/diversity-inclusion,0.6849198341369629
Colorado State University-Fort Collins,https://compsci.colostate.edu/news/,0.8215925693511963
Princeton University,https://www.facebook.com/PrincetonCS,0.2781534194946289
Colorado State University-Fort Collins,https://compsci.colostate.edu/people/,0.44620680809020996
Cornell University,https://www.cs.cornell.edu/information/diversity-inclusion/values-inclusion,1.0043563842773438
Princeton University,https://twitter.com/princetoncs,2.805788040161133
Cornell University,https://www.cs.cornell.edu/information/diversity-inclusion/2020-antiracism-task-force,2.5040509700775146
Kansas State University,https://canvas.k-state.edu,5.454405784606934
Rutgers University-New Brunswick,https://www.cs.rutgers.edu/outreach/iap/,0.6413450241088867
Colorado State University-Fort Collins,https://compsci.colostate.edu/facilities-centers/,0.3863823413848877
SUNY at Albany,https://wiki.albany.edu/x/IR7-AQ,4.400442600250244
Cornell University,https://www.cs.cornell.edu/information/diversity-inclusion/2022-dei-report,1.2504594326019287
Colorado State University-Fort Collins,https://compsci.colostate.edu/employment/,0.8629753589630127
Colorado State University-Fort Collins,https://compsci.colostate.edu/diversity-inclusion/,0.41739678382873535
Rutgers University-New Brunswick,https://www.cs.rutgers.edu/apps/,1.4511034488677979
Cornell University,https://www.cs.cornell.edu/information/news,0.649827241897583
Kansas State University,https://orgcentral.k-state.edu,2.1878111362457275
SUNY at Albany,https://wiki.albany.edu/display/middlestates/Home,0.6126775741577148
Cornell University,https://www.cs.cornell.edu/information/research-news,0.6633772850036621
Kansas State University,https://k-state.navigate.eab.com,0.13690972328186035
Rutgers University-New Brunswick,https://resources.cs.rutgers.edu/,0.8503673076629639
Colorado State University-Fort Collins,https://compsci.colostate.edu/policies-resources/,1.014336109161377
Cornell University,https://www.cs.cornell.edu/information/departmentlife,0.6919333934783936
Rutgers University-New Brunswick,https://give.rutgersfoundation.org/computer-science-dept/4979.html,0.9880833625793457
Kansas State University,https://ksis.k-state.edu,1.227966547012329
Colorado State University-Fort Collins,https://compsci.colostate.edu/contact-us/,0.8394179344177246
Cornell University,https://www.cs.cornell.edu/information/awards,0.6766302585601807
Rutgers University-New Brunswick,https://www.rutgers.edu/,0.5826258659362793
Colorado State University-Fort Collins,https://sna.cs.colostate.edu/,1.7401857376098633
Colorado State University-Fort Collins,https://compsci.colostate.edu/research/,1.1826393604278564
Kansas State University,https://hris.k-state.edu,3.739051580429077
Colorado State University-Fort Collins,https://compsci.colostate.edu/people/,0.9378283023834229
Rutgers University-New Brunswick,http://scheduling.rutgers.edu/calendar.shtml,2.178743839263916
Colorado State University-Fort Collins,https://compsci.colostate.edu/research-funding/,1.378763198852539
Rutgers University-New Brunswick,http://ruevents.rutgers.edu/events/,1.2584950923919678
Colorado State University-Fort Collins,https://www.natsci.colostate.edu/collaborate/,1.2339136600494385
Kansas State University,https://www.k-state.edu,0.1077876091003418
Kansas State University,https://www.cs.ksu.edu/,0.39748239517211914
Colorado State University-Fort Collins,https://cybersecurity.colostate.edu/,0.9696502685546875
Colorado State University-Fort Collins,https://spatial.colostate.edu/index.html,1.059337854385376
Kansas State University,https://search.k-state.edu,1.7795658111572266
Kansas State University,https://www.cs.ksu.edu/#,0.32318758964538574
Kansas State University,https://www.cs.ksu.edu/about/,0.3288900852203369
Kansas State University,https://www.cs.ksu.edu/about/people/,0.5601696968078613
Colorado State University-Fort Collins,https://compsci.colostate.edu/publications/,1.418088436126709
Rutgers University-New Brunswick,http://sas.rutgers.edu/news-a-events,4.416001319885254
Kansas State University,https://www.cs.ksu.edu/about/news/,0.557748556137085
Kansas State University,https://www.cs.ksu.edu/about/history/,0.34389781951904297
Cornell University,https://www.cs.cornell.edu/information/about/abc-book-computer-science-cornell-david-gries,1.3100643157958984
Colorado State University-Fort Collins,https://compsci.colostate.edu/technical-reports/,1.5577971935272217
Cornell University,https://www.cs.cornell.edu/information/pubs,0.5992112159729004
Colorado State University-Fort Collins,https://compsci.colostate.edu/future-students/,0.4286463260650635
Rutgers University-New Brunswick,http://sas.rutgers.edu/academics/departments-a-degree-granting-programs,1.9104962348937988
Cornell University,https://www.cs.cornell.edu/information/publications-by-author,0.6232385635375977
Colorado State University-Fort Collins,https://compsci.colostate.edu/admitted-students/,1.399703025817871
Kansas State University,https://www.cs.ksu.edu/about/advisory-board/,0.31829023361206055
Cornell University,https://www.cs.cornell.edu/information/publications-by-year,1.1563036441802979
Colorado State University-Fort Collins,https://compsci.colostate.edu/advising/,0.41234898567199707
Kansas State University,https://www.cs.ksu.edu/about/faculty-staff-resources/,0.3073430061340332
Cornell University,https://www.cs.cornell.edu/information/timeline,0.6704244613647461
Kansas State University,https://www.cs.ksu.edu/about/employment/,0.5668344497680664
Colorado State University-Fort Collins,https://compsci.colostate.edu/degrees/,0.8753042221069336
Kansas State University,https://www.cs.ksu.edu/academics/,0.3135666847229004
Colorado State University-Fort Collins,https://compsci.colostate.edu/courses/,0.4653959274291992
Kansas State University,https://www.cs.ksu.edu/academics/undergraduate/,0.5571212768554688
Cornell University,https://www.cs.cornell.edu/information/timeline#60,1.3988933563232422
Kansas State University,https://www.cs.ksu.edu/academics/graduate/,0.34127330780029297
Rutgers University-New Brunswick,http://sasundergrad.rutgers.edu/index.php/academics/requirements/list-of-majors-and-minors,4.148111343383789
Colorado State University-Fort Collins,https://compsci.colostate.edu/scholarships-fellowships/,1.0907807350158691
Kansas State University,https://www.cs.ksu.edu/academics/courses/,0.3350093364715576
Kansas State University,https://www.cs.ksu.edu/academics/computational-core/,0.5089056491851807
Cornell University,https://www.cs.cornell.edu/information/timeline#70,1.4721283912658691
Colorado State University-Fort Collins,https://compsci.colostate.edu/get-involved/,1.0375702381134033
Kansas State University,https://www.cs.ksu.edu/academics/accreditation/,0.5427448749542236
Colorado State University-Fort Collins,https://compsci.colostate.edu/diversity-inclusion/,0.44034314155578613
Kansas State University,https://www.cs.ksu.edu/student-success/,0.3278505802154541
Kansas State University,https://www.cs.ksu.edu/student-success/scholarships/,0.3255445957183838
Kansas State University,https://www.cs.ksu.edu/student-success/advising/,0.3193361759185791
Kansas State University,https://www.cs.ksu.edu/student-success/internships/index.html,0.3122892379760742
Cornell University,https://www.cs.cornell.edu/information/timeline#80,1.5220692157745361
Kansas State University,https://www.cs.ksu.edu/student-success/resources/,0.3250422477722168
Rutgers University-New Brunswick,http://sas.rutgers.edu/for-faculty/795-research-programs-centers-and-institutes,3.169999122619629
Colorado State University-Fort Collins,https://compsci.colostate.edu/faq/,1.6953761577606201
Kansas State University,https://www.cs.ksu.edu/student-success/student-organizations/index.html,0.5524139404296875
Colorado State University-Fort Collins,https://compsci.colostate.edu/contact-us/,0.44988441467285156
Cornell University,https://www.cs.cornell.edu/information/timeline#90,1.389963150024414
Kansas State University,https://www.cs.ksu.edu/research/,0.6389837265014648
Cornell University,https://www.cs.cornell.edu/information/timeline#00,1.408719778060913
Cornell University,https://www.cs.cornell.edu/information/timeline#10,0.7251100540161133
Cornell University,https://www.cs.cornell.edu/information/jobpostings,0.6634645462036133
Cornell University,https://www.cs.cornell.edu/information/jobpostings/facultypositionsithaca,0.6018962860107422
Kansas State University,https://cisa.k-state.edu/,3.584702491760254
Kansas State University,https://santoslab.org/,0.16361665725708008
Kansas State University,https://www.cs.ksu.edu/research/cps/,0.31867456436157227
Rutgers University-New Brunswick,http://lifesci.rutgers.edu/,2.0671396255493164
Cornell University,https://www.cs.cornell.edu/information/jobpostings/facultypositionsnyctech,1.0000433921813965
Rutgers University-New Brunswick,https://www.facebook.com/RutgersUniversityComputerScience,0.34396815299987793
Colorado State University-Fort Collins,https://compsci.colostate.edu/undergraduate-students/,4.446454763412476
Kansas State University,https://www.cs.ksu.edu/cyber-pipeline/,0.3429896831512451
Cornell University,https://www.cs.cornell.edu/information/jobpostings/lecturerpositionithaca,0.5903728008270264
Colorado State University-Fort Collins,https://compsci.colostate.edu/advising/,0.4175872802734375
Colorado State University-Fort Collins,https://compsci.colostate.edu/degrees/,0.43356776237487793
Cornell University,https://www.cs.cornell.edu/information/jobpostings/postdocpositionsithaca,0.5573635101318359
Colorado State University-Fort Collins,https://compsci.colostate.edu/courses/,0.4777703285217285
Rutgers University-New Brunswick,https://www.cs.rutgers.edu/?morequest=sso&idp=urn:mace:incommon:rutgers.edu,1.4169871807098389
Kansas State University,https://www.cs.ksu.edu/cyber-pipeline/how_to_join/,0.3484072685241699
Colorado State University-Fort Collins,https://compsci.colostate.edu/get-involved/,0.3797729015350342
Cornell University,https://www.cs.cornell.edu/undergrad/ugradcoursestaff ,0.6266889572143555
Kansas State University,https://www.cs.ksu.edu/cyber-pipeline/courses/,0.6889965534210205
Cornell University,https://www.cs.cornell.edu/information/ithaca,0.6105818748474121
Kansas State University,https://www.cs.ksu.edu/outreach/,0.6108345985412598
Kansas State University,https://www.cs.ksu.edu/outreach/programming-contest/,0.3158400058746338
Kansas State University,https://www.cs.ksu.edu/about/,0.33402419090270996
Cornell University,https://confluence.cornell.edu/display/csdinfo/CSD+Info+Home,1.2987489700317383
Kansas State University,https://www.cs.ksu.edu/about/people/,0.3418419361114502
Rutgers University-New Brunswick,https://www.rutgers.edu/copyright-information,0.4818425178527832
Colorado State University-Fort Collins,https://compsci.colostate.edu/scholarships-fellowships/,0.8780231475830078
Kansas State University,https://www.cs.ksu.edu/about/people/faculty/,0.35899901390075684
Colorado State University-Fort Collins,https://compsci.colostate.edu/diversity-inclusion/,0.4217960834503174
Cornell University,https://www.cs.cornell.edu/events,0.9777555465698242
Rutgers University-New Brunswick,https://www.rutgers.edu/,0.5589752197265625
Kansas State University,https://www.cs.ksu.edu/about/people/faculty/emeritus/,0.5110683441162109
Cornell University,https://www.cs.cornell.edu/events,0.6009182929992676
Kansas State University,https://www.cs.ksu.edu/about/people/staff/,0.7290768623352051
Cornell University,https://www.cs.cornell.edu/events/calendar,0.5771317481994629
Kansas State University,https://www.cs.ksu.edu/about/news/,0.6113641262054443
Colorado State University-Fort Collins,https://compsci.colostate.edu/undergraduate-students/career-resources/,1.6379504203796387
Rutgers University-New Brunswick,https://ithelp.sas.rutgers.edu/,1.5935337543487549
Kansas State University,https://www.cs.ksu.edu/about/news/student-newsletter/,0.3228416442871094
Cornell University,https://www.cs.cornell.edu/events/graduation-information,0.5921037197113037
Cornell University,https://lmss.tech.cornell.edu/,0.17393136024475098
Kansas State University,https://www.cs.ksu.edu/about/history/,0.5638201236724854
Cornell University,https://www.cs.cornell.edu/content/student-colloquium,0.5801029205322266
Colorado State University-Fort Collins,https://compsci.colostate.edu/accelerated-master-of-science/,1.4953556060791016
Colorado State University-Fort Collins,https://www.natsci.colostate.edu/commencement/,1.3397305011749268
Kansas State University,https://www.cs.ksu.edu/about/advisory-board/,0.3137631416320801
Kansas State University,https://www.cs.ksu.edu/about/faculty-staff-resources/,0.3282041549682617
Cornell University,http://boom.cornell.edu/,3.9797987937927246
Kansas State University,https://www.cs.ksu.edu/about/faculty-staff-resources/policies/,0.5647900104522705
Kansas State University,https://www.cs.ksu.edu/about/employment/,0.5556364059448242
Cornell University,https://www.cs.cornell.edu/content/fall-2024-colloquium,0.9681618213653564
Kansas State University,https://www.cs.ksu.edu/about/employment/faculty-staff/,0.5611255168914795
Colorado State University-Fort Collins,https://compsci.colostate.edu/graduate-students/,3.3062033653259277
Kansas State University,https://www.cs.ksu.edu/about/employment/gra-gta/,0.5706508159637451
Cornell University,https://www.cs.cornell.edu/events/conway,1.0349864959716797
Colorado State University-Fort Collins,https://compsci.colostate.edu/degrees/#graduate,0.8546249866485596
Kansas State University,https://www.cs.ksu.edu/about/employment/student/,0.6186323165893555
Cornell University,https://www.cs.cornell.edu/events/saltonseries,0.9712779521942139
Kansas State University,https://www.cs.ksu.edu/academics/,0.5399186611175537
Colorado State University-Fort Collins,https://www.online.colostate.edu/degrees/computer-science/,1.1830930709838867
Kansas State University,https://www.cs.ksu.edu/academics/undergraduate/,0.3476979732513428
Cornell University,https://www.cs.cornell.edu/events/sems,0.6230528354644775
Kansas State University,https://www.cs.ksu.edu/academics/undergraduate/computer-science/,0.319080114364624
Colorado State University-Fort Collins,https://compsci.colostate.edu/accelerated-master-of-science/,0.7764830589294434
Kansas State University,https://www.cs.ksu.edu/academics/undergraduate/entrepreneurship/,0.6468997001647949
Colorado State University-Fort Collins,https://compsci.colostate.edu/policies-resources/,0.4252200126647949
Cornell University,https://www.cs.cornell.edu/content/spring-2024-artificial-intelligence-seminar,0.9817469120025635
Kansas State University,https://www.cs.ksu.edu/academics/undergraduate/cs-mba/,0.3753621578216553
Kansas State University,https://www.cs.ksu.edu/academics/undergraduate/cs-ms/index.html,0.6021735668182373
Cornell University,https://www.cs.cornell.edu/content/spring-2024-robotics-seminar,1.0484766960144043
Colorado State University-Fort Collins,https://compsci.colostate.edu/graduate-support/,1.4134116172790527
Kansas State University,https://www.cs.ksu.edu/academics/undergraduate/computer-science/program-requirements/,0.6377239227294922
Cornell University,https://www.cs.cornell.edu/content/spring-2024-theory-seminar,0.6231207847595215
Kansas State University,https://apps.cs.ksu.edu/,0.7379791736602783
Colorado State University-Fort Collins,https://compsci.colostate.edu/scholarships-fellowships/,0.8416824340820312
Cornell University,https://www.cs.cornell.edu/events/cornell-high-school-programming-contest,1.0399506092071533
Colorado State University-Fort Collins,https://compsci.colostate.edu/undergraduate-students/career-resources/,0.8015244007110596
Kansas State University,https://www.cs.ksu.edu/academics/undergraduate/cybersecurity/program-requirements/,0.3497896194458008
Kansas State University,https://apps.cs.ksu.edu/,1.517775297164917
Cornell University,http://gdiac.cis.cornell.edu/,1.835552453994751
Kansas State University,https://www.cs.ksu.edu/academics/undergraduate/minor-certificate/,0.3424367904663086
Colorado State University-Fort Collins,https://compsci.colostate.edu/graduate-application/,0.8468282222747803
Colorado State University-Fort Collins,https://compsci.colostate.edu/faculty-staff/,0.4526033401489258
Kansas State University,https://www.cs.ksu.edu/academics/undergraduate/degree-value/,0.7625625133514404
Kansas State University,https://www.cs.ksu.edu/academics/graduate/,0.32273197174072266
Kansas State University,https://www.cs.ksu.edu/academics/graduate/ms/,0.348480224609375
Kansas State University,https://www.cs.ksu.edu/academics/graduate/phd/,0.31646013259887695
Colorado State University-Fort Collins,https://compsci.colostate.edu/people/,1.2912514209747314
Cornell University,https://www.cs.cornell.edu/events/explore-cs-research,1.0563390254974365
Kansas State University,https://www.cs.ksu.edu/academics/courses/,0.33612608909606934
Kansas State University,https://www.cs.ksu.edu/academics/computational-core/,0.5806264877319336
Cornell University,https://www.cs.cornell.edu/events/research-night-spring-2024,0.9404025077819824
Colorado State University-Fort Collins,https://compsci.colostate.edu/policies-resources/,0.9452922344207764
Kansas State University,https://www.cs.ksu.edu/academics/computational-core/requirements/,0.6042978763580322
Kansas State University,https://www.k-state.edu/ics/,0.6109199523925781
Cornell University,https://www.cs.cornell.edu/content/cornell-junior-theorists-workshop-2023,0.5985751152038574
Kansas State University,https://www.k-state.edu/media-communication/academics/digital-innovation.html,0.5094304084777832
Colorado State University-Fort Collins,https://www.natsci.colostate.edu/emeritus/,1.3842628002166748
Cornell University,https://www.cs.cornell.edu/people,0.5930683612823486
Cornell University,https://www.cs.cornell.edu/people,0.5641889572143555
Kansas State University,https://www.k-state.edu/geography/academics/undergraduate/gist.html,1.0858726501464844
Kansas State University,https://www.cs.ksu.edu/academics/accreditation/,0.32248687744140625
Kansas State University,https://www.cs.ksu.edu/academics/accreditation/computer-science/,0.31679511070251465
Kansas State University,https://www.cs.ksu.edu/academics/accreditation/cybersecurity/,0.31389808654785156
Cornell University,https://www.cs.cornell.edu/people/faculty,0.769134521484375
Kansas State University,https://www.cs.ksu.edu/student-success/,0.606651782989502
Colorado State University-Fort Collins,https://compsci.colostate.edu/alumni-friends/,3.076260805130005
Kansas State University,https://www.cs.ksu.edu/student-success/scholarships/,0.6185719966888428
Cornell University,https://www.cs.cornell.edu/people/researchers,1.0286552906036377
Colorado State University-Fort Collins,https://compsci.colostate.edu/news/,0.8378221988677979
Cornell University,https://www.cs.cornell.edu/people/staff,0.9648110866546631
Kansas State University,https://cisa.k-state.edu/scholarships/cybercorps/,1.5692193508148193
Kansas State University,https://www.cs.ksu.edu/student-success/advising/,0.31769800186157227
Colorado State University-Fort Collins,https://compsci.colostate.edu/industry-partners/,1.374237298965454
Kansas State University,https://www.cs.ksu.edu/student-success/advising/change-major/,0.30217671394348145
Cornell University,https://www.cs.cornell.edu/people/phdstudents,1.9474875926971436
Cornell University,https://www.cs.cornell.edu/people/mengstudents,0.6091632843017578
Colorado State University-Fort Collins,https://www.natsci.colostate.edu/ways-to-give/,2.5581204891204834
Cornell University,https://www.cs.cornell.edu/people/msstudents,1.1302237510681152
Kansas State University,https://www.cs.ksu.edu/student-success/internships/index.html,0.337876558303833
Kansas State University,https://www.cs.ksu.edu/student-success/resources/,0.3116495609283447
Kansas State University,https://www.cs.ksu.edu/student-success/resources/academic-wellness/,0.5659260749816895
Colorado State University-Fort Collins,https://www.natsci.colostate.edu/foundations-corporations/,2.2781572341918945
Kansas State University,https://www.cs.ksu.edu/student-success/resources/learning-strategies/,0.30702733993530273
Cornell University,https://www.cs.cornell.edu/people/phdalumni,2.340834140777588
Kansas State University,https://www.cs.ksu.edu/student-success/resources/time-management/,0.5966024398803711
Cornell University,https://www.cs.cornell.edu/people/msalumni,0.6216344833374023
Colorado State University-Fort Collins,https://www.natsci.colostate.edu/emeritus/,0.8218379020690918
Kansas State University,https://www.cs.ksu.edu/student-success/resources/studying-and-stem/,0.321155309677124
Colorado State University-Fort Collins,https://compsci.colostate.edu/contact-us/,0.5543179512023926
Kansas State University,https://www.cs.ksu.edu/student-success/resources/secure-file-upload/index.html,0.5762550830841064
Cornell University,https://www.cs.cornell.edu/courseinfo,0.9758098125457764
Kansas State University,https://www.cs.ksu.edu/student-success/student-organizations/index.html,0.6094098091125488
Colorado State University-Fort Collins,https://compsci.colostate.edu/#,0.9444141387939453
Kansas State University,http://acm.cs.ksu.edu/,0.341261625289917
Cornell University,https://www.cs.cornell.edu/courseinfo,0.9795830249786377
Colorado State University-Fort Collins,https://compsci.colostate.edu/about/,0.418673038482666
Colorado State University-Fort Collins,https://compsci.colostate.edu/news/,0.5059652328491211
Cornell University,https://www.cs.cornell.edu/courseinfo/listofcscourses,0.8650643825531006
Colorado State University-Fort Collins,https://compsci.colostate.edu/people/,1.2036316394805908
Cornell University,https://www.cs.cornell.edu/courseinfo/examschedules,0.9398641586303711
Cornell University,https://www.cs.cornell.edu/courseinfo/courseandroomroster,0.9039468765258789
Colorado State University-Fort Collins,https://compsci.colostate.edu/facilities-centers/,0.4356515407562256
Cornell University,https://www.cs.cornell.edu/courseinfo/placement,0.6807219982147217
Colorado State University-Fort Collins,https://compsci.colostate.edu/employment/,0.37194061279296875
Cornell University,https://www.cs.cornell.edu/research,0.6183204650878906
Colorado State University-Fort Collins,https://compsci.colostate.edu/diversity-inclusion/,0.9139463901519775
Cornell University,https://www.cs.cornell.edu/research,0.596062421798706
Colorado State University-Fort Collins,https://compsci.colostate.edu/policies-resources/,0.42441725730895996
Cornell University,https://www.cs.cornell.edu/research/architecture,1.001939296722412
Colorado State University-Fort Collins,https://compsci.colostate.edu/contact-us/,0.810603141784668
Colorado State University-Fort Collins,https://sna.cs.colostate.edu/,0.2604832649230957
Cornell University,https://www.cs.cornell.edu/research/ai,0.6908674240112305
Colorado State University-Fort Collins,https://compsci.colostate.edu/research/,0.43842601776123047
Cornell University,https://www.cs.cornell.edu/research/compbio,0.5977492332458496
Colorado State University-Fort Collins,https://compsci.colostate.edu/people/,0.4608440399169922
Colorado State University-Fort Collins,https://compsci.colostate.edu/research-funding/,0.38940954208374023
Colorado State University-Fort Collins,https://www.natsci.colostate.edu/collaborate/,0.358734130859375
Cornell University,https://www.cs.cornell.edu/research/datasystems,1.0502991676330566
Colorado State University-Fort Collins,https://cybersecurity.colostate.edu/,0.3232409954071045
Colorado State University-Fort Collins,https://spatial.colostate.edu/index.html,0.19758844375610352
Cornell University,https://www.cs.cornell.edu/research/graphics,0.5900223255157471
Colorado State University-Fort Collins,https://compsci.colostate.edu/publications/,0.37260866165161133
Colorado State University-Fort Collins,https://compsci.colostate.edu/technical-reports/,0.5108442306518555
Cornell University,https://www.cs.cornell.edu/research/humaninteraction,0.6767070293426514
Colorado State University-Fort Collins,https://compsci.colostate.edu/future-students/,0.5107254981994629
Cornell University,https://www.cs.cornell.edu/research/machinelearning,1.0354363918304443
Colorado State University-Fort Collins,https://compsci.colostate.edu/admitted-students/,0.8300144672393799
Cornell University,https://www.cs.cornell.edu/research/natural-language-processing,0.652904748916626
Colorado State University-Fort Collins,https://compsci.colostate.edu/advising/,0.8919906616210938
Cornell University,https://www.cs.cornell.edu/research/lang,0.6376826763153076
Colorado State University-Fort Collins,https://compsci.colostate.edu/degrees/,0.5065362453460693
Cornell University,https://www.cs.cornell.edu/research/robotics,1.0739996433258057
Colorado State University-Fort Collins,https://compsci.colostate.edu/courses/,0.8363299369812012
Colorado State University-Fort Collins,https://compsci.colostate.edu/scholarships-fellowships/,0.4754652976989746
Cornell University,https://www.cs.cornell.edu/research/scientif,0.6524741649627686
Colorado State University-Fort Collins,https://compsci.colostate.edu/get-involved/,0.42987537384033203
Cornell University,https://www.cs.cornell.edu/research/security,1.4635486602783203
Colorado State University-Fort Collins,https://compsci.colostate.edu/diversity-inclusion/,1.2164063453674316
Cornell University,https://www.cs.cornell.edu/research/software-engineering,0.6748454570770264
Colorado State University-Fort Collins,https://compsci.colostate.edu/faq/,1.0524835586547852
Colorado State University-Fort Collins,https://compsci.colostate.edu/contact-us/,0.4592320919036865
Cornell University,https://www.cs.cornell.edu/research/systems,1.2676637172698975
Colorado State University-Fort Collins,https://compsci.colostate.edu/undergraduate-students/,0.49692416191101074
Colorado State University-Fort Collins,https://compsci.colostate.edu/advising/,0.5144064426422119
Cornell University,https://www.cs.cornell.edu/research/vision,0.617729902267456
Colorado State University-Fort Collins,https://compsci.colostate.edu/degrees/,0.9661195278167725
Cornell University,https://www.cs.cornell.edu/undergrad,0.9703152179718018
Colorado State University-Fort Collins,https://compsci.colostate.edu/courses/,0.8924601078033447
Cornell University,https://www.cs.cornell.edu/undergrad,0.6954336166381836
Colorado State University-Fort Collins,https://compsci.colostate.edu/get-involved/,0.4189281463623047
Cornell University,https://www.cs.cornell.edu/undergrad/uadmis,1.082930564880371
Colorado State University-Fort Collins,https://compsci.colostate.edu/scholarships-fellowships/,0.9084694385528564
Kansas State University,http://mdc.cs.ksu.edu/,1.0431132316589355
Cornell University,https://www.cs.cornell.edu/undergrad/ustaff,1.0942819118499756
Kansas State University,http://wdc.cs.ksu.edu/,0.5504872798919678
Colorado State University-Fort Collins,https://compsci.colostate.edu/diversity-inclusion/,0.917471170425415
Cornell University,https://www.cs.cornell.edu/undergrad/ustaff/contact-academic-advisor,0.6484825611114502
Kansas State University,https://www.cs.ksu.edu/research/,0.7211213111877441
Colorado State University-Fort Collins,https://compsci.colostate.edu/undergraduate-students/career-resources/,0.9140968322753906
Cornell University,https://www.cs.cornell.edu/undergrad/firstcscourse,1.154109239578247
Colorado State University-Fort Collins,https://compsci.colostate.edu/accelerated-master-of-science/,1.7490899562835693
Cornell University,https://www.cs.cornell.edu/undergrad/csmajor,1.3820827007293701
Colorado State University-Fort Collins,https://www.natsci.colostate.edu/commencement/,1.386059045791626
Kansas State University,https://cisa.k-state.edu/,3.971346139907837
Colorado State University-Fort Collins,https://compsci.colostate.edu/graduate-students/,0.5220377445220947
Cornell University,https://www.cs.cornell.edu/undergrad/csmajor/technicalelectives,1.6947739124298096
Kansas State University,https://santoslab.org/,0.2998800277709961
Kansas State University,https://www.cs.ksu.edu/research/cps/,0.37586188316345215
Cornell University,https://www.cs.cornell.edu/undergrad/csmajor/cswithothermajorsareas,0.6857016086578369
Colorado State University-Fort Collins,https://compsci.colostate.edu/degrees/#graduate,0.9060168266296387
Cornell University,https://www.cs.cornell.edu/undergrad/csmajor/transfercredits,0.6465508937835693
Kansas State University,https://www.cs.ksu.edu/cyber-pipeline/,0.6209473609924316
Cornell University,https://www.cs.cornell.edu/undergrad/csmajor/cs-honors-program,0.9804573059082031
Colorado State University-Fort Collins,https://www.online.colostate.edu/degrees/computer-science/,2.0068717002868652
Kansas State University,https://www.cs.ksu.edu/cyber-pipeline/how_to_join/,0.3781301975250244
Cornell University,https://www.cs.cornell.edu/undergrad/csmajor/cpt-procedure,1.118661642074585
Kansas State University,https://www.cs.ksu.edu/cyber-pipeline/courses/,0.3717811107635498
Colorado State University-Fort Collins,https://compsci.colostate.edu/accelerated-master-of-science/,0.8211381435394287
Cornell University,https://www.cs.cornell.edu/undergrad/csmajor/graduationreqs,0.6534028053283691
Kansas State University,https://www.cs.ksu.edu/outreach/,0.6934232711791992
Kansas State University,https://www.cs.ksu.edu/outreach/programming-contest/,0.36189961433410645
Colorado State University-Fort Collins,https://compsci.colostate.edu/policies-resources/,1.0082335472106934
Kansas State University,https://www.cs.ksu.edu/outreach/programming-contest/registration-rules/,0.4081456661224365
Colorado State University-Fort Collins,https://compsci.colostate.edu/graduate-support/,0.4818999767303467
Cornell University,https://www.cs.cornell.edu/undergrad/csmajor/usefulforms,1.137939453125
Kansas State University,https://www.cs.ksu.edu/outreach/programming-contest/scorecards-problems/,0.3676154613494873
Kansas State University,https://www.cs.ksu.edu/outreach/programming-contest/transportation-information/,0.6065366268157959
Colorado State University-Fort Collins,https://compsci.colostate.edu/scholarships-fellowships/,0.8742926120758057
Cornell University,https://www.cs.cornell.edu/undergrad/rulesandproceduresengineering/choosingyourelectives,1.1818597316741943
Kansas State University,https://www.cs.ksu.edu/outreach/programming-contest/Support-us/untitled.html,0.6240899562835693
Kansas State University,https://www.k-state.edu/,0.16292357444763184
Colorado State University-Fort Collins,https://compsci.colostate.edu/undergraduate-students/career-resources/,0.9609236717224121
Kansas State University,https://www.cs.ksu.edu/,0.6551520824432373
Colorado State University-Fort Collins,https://compsci.colostate.edu/graduate-application/,0.4675319194793701
Kansas State University,https://www.cs.ksu.edu/academics/,0.39696550369262695
Cornell University,https://www.cs.cornell.edu/undergrad/rulesandproceduresengineering,0.671710729598999
Colorado State University-Fort Collins,https://compsci.colostate.edu/faculty-staff/,1.065032720565796
Colorado State University-Fort Collins,https://compsci.colostate.edu/people/,1.0784494876861572
Cornell University,https://www.cs.cornell.edu/undergrad/rulesandproceduresengineering/engineeringchecklist,2.1954243183135986
Colorado State University-Fort Collins,https://compsci.colostate.edu/policies-resources/,1.0149738788604736
Cornell University,https://www.cs.cornell.edu/undergrad/rulesandproceduresarts,1.0511915683746338
Colorado State University-Fort Collins,https://www.natsci.colostate.edu/emeritus/,0.956561803817749
Colorado State University-Fort Collins,https://compsci.colostate.edu/alumni-friends/,0.46671128273010254
Cornell University,https://www.cs.cornell.edu/events/graduation-information,0.6825282573699951
Kansas State University,https://courses.k-state.edu/summer2022/CIS/,0.6212904453277588
Cornell University,https://www.cs.cornell.edu/undergrad/minors,0.643113374710083
Colorado State University-Fort Collins,https://compsci.colostate.edu/news/,0.9275290966033936
Colorado State University-Fort Collins,https://compsci.colostate.edu/industry-partners/,0.4816567897796631
Cornell University,https://www.cs.cornell.edu/undergrad/csminor,0.7092795372009277
Cornell University,https://www.cs.cornell.edu/undergrad/minors/game-design-minor,0.6516096591949463
Cornell University,https://www.cs.cornell.edu/undergrad/cscareers,0.611234188079834
Colorado State University-Fort Collins,https://www.natsci.colostate.edu/ways-to-give/,1.9179766178131104
Cornell University,https://www.cs.cornell.edu/undergrad/cscareers/co-opexperiences,1.0243737697601318
Colorado State University-Fort Collins,https://www.natsci.colostate.edu/foundations-corporations/,1.4976463317871094
Cornell University,https://www.cs.cornell.edu/undergrad/uresch,1.0866940021514893
Kansas State University,https://courses.k-state.edu/summer2020/CIS/,0.6217560768127441
Colorado State University-Fort Collins,https://www.natsci.colostate.edu/emeritus/,0.8669342994689941
Colorado State University-Fort Collins,https://compsci.colostate.edu/contact-us/,0.486804723739624
Cornell University,https://cis.cornell.edu/about-college/research-office/bure,1.5148208141326904
Colorado State University-Fort Collins,http://catalog.colostate.edu/general-catalog/courses-az/cs/,0.6842105388641357
Cornell University,https://www.cs.cornell.edu/undergrad/uresch/registeringforcs4999,0.6269106864929199
Colorado State University-Fort Collins,http://catalog.colostate.edu/general-catalog/courses-az/cs/,0.7529160976409912
Cornell University,https://www.cs.cornell.edu/undergrad/ugroups,0.7271308898925781
Cornell University,https://www.cs.cornell.edu/undergrad/uevents,1.030796766281128
Cornell University,https://www.cs.cornell.edu/undergrad/learningcenter,1.022141456604004
Cornell University,https://www.cs.cornell.edu/undergrad/ugradcoursestaff,0.6978075504302979
Kansas State University,https://www.k-state.edu/academics/courses/schedules.html,1.8957555294036865
Kansas State University,https://www.cs.ksu.edu/academics/undergraduate/,0.3854074478149414
Cornell University,https://www.cs.cornell.edu/masters,1.7453043460845947
Kansas State University,https://www.cs.ksu.edu/academics/undergraduate/computer-science/,0.4626429080963135
Kansas State University,https://www.cs.ksu.edu/academics/undergraduate/entrepreneurship/,0.3656792640686035
Cornell University,https://www.cs.cornell.edu/masters,0.7525022029876709
Kansas State University,https://www.cs.ksu.edu/academics/undergraduate/cs-mba/,0.48155784606933594
Cornell University,https://www.cs.cornell.edu/masters/apply,0.966219425201416
Colorado State University-Fort Collins,http://classschedule.colostate.edu/,1.3218989372253418
Kansas State University,https://www.cs.ksu.edu/academics/undergraduate/cs-ms/index.html,1.3626124858856201
Cornell University,https://www.cs.cornell.edu/masters/apply/applicationreview,1.0650017261505127
Kansas State University,https://www.cs.ksu.edu/academics/undergraduate/computer-science/program-requirements/,0.43855905532836914
Colorado State University-Fort Collins,http://classschedule.colostate.edu/,0.9293293952941895
Kansas State University,https://apps.cs.ksu.edu/,0.3983423709869385
Colorado State University-Fort Collins,https://next.catalog.colostate.edu/general-catalog/previous-catalogs/,0.9840128421783447
Kansas State University,https://www.cs.ksu.edu/academics/undergraduate/cybersecurity/program-requirements/,0.3625495433807373
Cornell University,https://www.cs.cornell.edu/masters/apply/FinancialAid,0.6529645919799805
Kansas State University,https://apps.cs.ksu.edu/,0.33630990982055664
Cornell University,https://www.cs.cornell.edu/masters/apply/faq,0.6109795570373535
Colorado State University-Fort Collins,https://www.cs.colostate.edu/~cs150b,1.081925868988037
Kansas State University,https://www.cs.ksu.edu/academics/undergraduate/minor-certificate/,0.5751464366912842
Kansas State University,https://www.cs.ksu.edu/academics/undergraduate/degree-value/,0.620100736618042
Cornell University,https://www.cs.cornell.edu/masters/apply/prerequisites,1.0031144618988037
Kansas State University,https://www.cs.ksu.edu/academics/graduate/,0.5965733528137207
Kansas State University,https://www.cs.ksu.edu/academics/graduate/ms/,0.32483649253845215
Cornell University,https://www.cs.cornell.edu/masters/academics,0.5951626300811768
Colorado State University-Fort Collins,https://www.cs.colostate.edu/~cs164,1.0959815979003906
Kansas State University,https://www.cs.ksu.edu/academics/graduate/phd/,0.5475952625274658
Kansas State University,https://www.cs.ksu.edu/academics/courses/,0.3331291675567627
Cornell University,https://www.cs.cornell.edu/masters/academics/projectinformation,0.6355347633361816
Colorado State University-Fort Collins,https://www.cs.colostate.edu/~cs192/,0.2059462070465088
Colorado State University-Fort Collins,https://www.cs.colostate.edu/~cs201/#/,0.20029354095458984
Kansas State University,https://www.cs.ksu.edu/academics/computational-core/,0.4995310306549072
Kansas State University,https://www.cs.ksu.edu/academics/computational-core/requirements/,0.565964937210083
Cornell University,https://www.cs.cornell.edu/masters/academics/faq,0.9684832096099854
Kansas State University,https://www.k-state.edu/ics/,0.45566534996032715
Kansas State University,https://www.k-state.edu/media-communication/academics/digital-innovation.html,0.5847034454345703
Kansas State University,https://www.k-state.edu/geography/academics/undergraduate/gist.html,0.5212323665618896
Cornell University,https://www.cs.cornell.edu/masters/academics/degreerequirements,0.5884387493133545
Colorado State University-Fort Collins,https://www.cs.colostate.edu/~cs220,1.3216578960418701
Colorado State University-Fort Collins,https://www.cs.colostate.edu/~cs250/,0.23999691009521484
Kansas State University,https://www.cs.ksu.edu/academics/accreditation/,0.5590238571166992
Cornell University,https://www.cs.cornell.edu/masters/current,0.5847818851470947
Kansas State University,https://www.cs.ksu.edu/academics/accreditation/computer-science/,0.31717896461486816
Kansas State University,https://www.cs.ksu.edu/academics/accreditation/cybersecurity/,0.2983739376068115
Colorado State University-Fort Collins,https://www.cs.colostate.edu/~ct301,1.2267253398895264
Kansas State University,https://www.k-state.edu/admissions/apply/,0.5756065845489502
Cornell University,https://www.cs.cornell.edu/masters/current/faq,1.062469720840454
Kansas State University,https://www.k-state.edu/admissions/request-info/,0.5736649036407471
Cornell University,https://www.cs.cornell.edu/masters/current/meng-lab,0.9836931228637695
Kansas State University,https://www.k-state.edu/admissions/visit/,0.5179967880249023
Colorado State University-Fort Collins,https://www.cs.colostate.edu/~cs312,1.065272569656372
Cornell University,https://www.cs.cornell.edu/masters/current/meng-forms,0.5632848739624023
Kansas State University,https://www.facebook.com/kstate.CS,0.5654115676879883
Kansas State University,https://twitter.com/kstate_CS,0.36192917823791504
Cornell University,https://www.cs.cornell.edu/masters/current/advising-tips,0.5969181060791016
Colorado State University-Fort Collins,https://www.cs.colostate.edu/~cs320,1.1533763408660889
Kansas State University,https://instagram.com/kstate_cs,1.073059320449829
Kansas State University,https://www.cs.ksu.edu/,0.3169856071472168
Cornell University,https://www.cs.cornell.edu/masters/entrepreneurism,0.5866925716400146
Kansas State University,https://www.k-state.edu,0.11851763725280762
Colorado State University-Fort Collins,https://www.cs.colostate.edu/~cs345,1.07462739944458
Cornell University,https://www.cs.cornell.edu/masters/nyc,0.946336030960083
Colorado State University-Fort Collins,https://www.cs.colostate.edu/~cs356/,0.3376319408416748
Kansas State University,https://www.k-state.edu/contact/,0.5203273296356201
Colorado State University-Fort Collins,https://www.cs.colostate.edu/~cs370/,0.4448261260986328
Cornell University,https://www.cs.cornell.edu/masters/professional-development,0.5889077186584473
Kansas State University,https://www.k-state.edu/advisories/,0.44875454902648926
Kansas State University,https://www.k-state.edu/disclosures/,0.46086883544921875
Cornell University,https://www.cs.cornell.edu/events/graduation-information,1.1549665927886963
Kansas State University,https://www.k-state.edu/about/values/accessibility/,0.9086923599243164
Cornell University,https://www.cs.cornell.edu/masters/contact-meng-office,0.6183052062988281
Kansas State University,https://ksdegreestats.org,1.0656356811523438
Colorado State University-Fort Collins,https://www.cs.colostate.edu/~vsp/toc.html,0.37217116355895996
Cornell University,https://www.cs.cornell.edu/masters/career-success,0.9962856769561768
Kansas State University,https://www.k-state.edu/disclosures/kbor-free-expression.html,0.398129940032959
Colorado State University-Fort Collins,https://www.cs.colostate.edu/~cs425/,0.885225772857666
Kansas State University,https://www.k-state.edu/about/copyright.html,0.6993708610534668
Cornell University,https://www.cs.cornell.edu/ms,1.057633876800537
Colorado State University-Fort Collins,https://www.cs.colostate.edu/~cs430,0.5470707416534424
Kansas State University,https://a.cms.omniupdate.com/11/?skin=k-state&account=k-state&site=cs&action=de&path=/academics/courses/index.pcf,0.3890838623046875
Colorado State University-Fort Collins,https://www.cs.colostate.edu/~cs435/,0.20249462127685547
Kansas State University,https://a.cms.omniupdate.com/11/?skin=k-state&account=k-state&site=cs&action=de&path=/academics/courses/index.pcf,0.3636667728424072
Cornell University,https://www.cs.cornell.edu/ms,0.955467700958252
Colorado State University-Fort Collins,https://www.cs.colostate.edu/~cs440/,0.9065248966217041
Cornell University,https://www.cs.cornell.edu/ms/admissions,1.0414609909057617
Colorado State University-Fort Collins,https://www.cs.colostate.edu/~cs445/,0.9909520149230957
Colorado State University-Fort Collins,https://www.cs.colostate.edu/~cs453/,0.19678115844726562
Cornell University,https://www.cs.cornell.edu/ms/admissions/applicant-faq,0.5753054618835449
Colorado State University-Fort Collins,https://www.cs.colostate.edu/~cs455,0.4101428985595703
Colorado State University-Fort Collins,https://www.cs.colostate.edu/~cs456/#/,0.31415247917175293
Cornell University,https://www.cs.cornell.edu/ms/current-students,0.5906567573547363
Colorado State University-Fort Collins,https://www.cs.colostate.edu/~cs457/,0.19621539115905762
Cornell University,https://www.cs.cornell.edu/ms/current-students/computer-science-graduate-office-hours,0.6112210750579834
Colorado State University-Fort Collins,https://www.cs.colostate.edu/~cs458,0.5263450145721436
Cornell University,https://www.cs.cornell.edu/ms/current-students/exam-scheduling-guidelines,1.0484764575958252
Colorado State University-Fort Collins,https://www.cs.colostate.edu/~cs462,1.2354180812835693
Cornell University,https://www.cs.cornell.edu/ms/current-students/degree-requirements,0.62514328956604
Colorado State University-Fort Collins,https://www.cs.colostate.edu/~cs464,0.6447300910949707
Colorado State University-Fort Collins,https://www.cs.colostate.edu/~cs475/,0.9620819091796875
Colorado State University-Fort Collins,https://www.cs.colostate.edu/~cs510/,1.040057897567749
Colorado State University-Fort Collins,https://www.cs.colostate.edu/~cs514/,0.3217732906341553
Colorado State University-Fort Collins,https://www.cs.colostate.edu/~cs520/,0.32425904273986816
Cornell University,https://www.cs.cornell.edu/ms/current-students/ms-student-financial-support,1.054889440536499
Colorado State University-Fort Collins,https://www.cs.colostate.edu/~vsp/cps.html,0.19610095024108887
Colorado State University-Fort Collins,https://www.cs.colostate.edu/~vsp/toc-grad.html,0.3992879390716553
Cornell University,https://www.cs.cornell.edu/ms/current-students/special-committee-selection,1.023118495941162
Cornell University,http://diversity.cornell.edu/?utm_source=Announcements+-+April+30%2C+2018&utm_campaign=Announcements-7%2F17%2F17&utm_medium=email,0.24661016464233398
Colorado State University-Fort Collins,https://www.cs.colostate.edu/~cs525,1.097188949584961
Cornell University,https://www.cs.cornell.edu/events/graduation-information,1.1548576354980469
Cornell University,https://www.cs.cornell.edu/ms/contact-ms-office,0.9662189483642578
Cornell University,https://www.cs.cornell.edu/phd,0.6032552719116211
Cornell University,https://www.cs.cornell.edu/phd,0.5828208923339844
Colorado State University-Fort Collins,https://www.engr.colostate.edu/~sudeep/embedded-machine-learning/,3.731717824935913
Colorado State University-Fort Collins,https://www.cs.colostate.edu/~cs530/,0.23719000816345215
Cornell University,https://www.cs.cornell.edu/phd/admissions,1.1951355934143066
Colorado State University-Fort Collins,https://www.cs.colostate.edu/~cs533/,0.34488415718078613
Cornell University,https://www.cs.cornell.edu/phd/faq,0.6222288608551025
Colorado State University-Fort Collins,https://www.cs.colostate.edu/~cs540/,1.1367888450622559
Cornell University,https://www.cs.cornell.edu/phd/admissions/non-degree-application-guidelines,0.6705887317657471
Colorado State University-Fort Collins,https://www.cs.colostate.edu/~anderson/cs545/,0.8341007232666016
Colorado State University-Fort Collins,https://www.cs.colostate.edu/~cs553/,0.3734281063079834
Cornell University,https://www.cs.cornell.edu/phd/current-students,0.6653740406036377
Colorado State University-Fort Collins,https://www.cs.colostate.edu/~cs555/,0.3105940818786621
Colorado State University-Fort Collins,https://www.cs.colostate.edu/~cs556/,0.47371482849121094
Cornell University,https://www.cs.cornell.edu/phd/current-students/computer-science-graduate-office-hours,1.0703516006469727
Colorado State University-Fort Collins,https://www.cs.colostate.edu/~cs557/,0.4171321392059326
Cornell University,https://www.cs.cornell.edu/phd/current-students/advising-guide-research-students,0.6589436531066895
Colorado State University-Fort Collins,https://www.cs.colostate.edu/~cs559/f20/,0.5978987216949463
Colorado State University-Fort Collins,https://www.cs.colostate.edu/~cs560/,0.3979454040527344
Cornell University,https://www.cs.cornell.edu/phd/current-students/business-card-policy,1.076880693435669
Colorado State University-Fort Collins,https://www.engr.colostate.edu/~sudeep/teaching/hardwaresoftware-design-of-embedded-systems/,0.9121854305267334
Colorado State University-Fort Collins,https://www.cs.colostate.edu/~cs567/#/,0.36887383460998535
Cornell University,https://www.cs.cornell.edu/phd/current-students/cornell-tech,1.0198354721069336
Colorado State University-Fort Collins,https://www.cs.colostate.edu/~cs575/,0.4042539596557617
Colorado State University-Fort Collins,https://www.cs.colostate.edu/~cs580a8/#/,0.23718547821044922
Cornell University,https://www.cs.cornell.edu/phd/current-students/curricular-practical-training,1.0322542190551758
Cornell University,https://www.cs.cornell.edu/phd/current-students/b-exam-scheduling-guidelines,1.0824778079986572
Colorado State University-Fort Collins,https://www.engr.colostate.edu/ece/current_students/classes.php?pass=658,3.096202850341797
Colorado State University-Fort Collins,https://www.cs.colostate.edu/~cs793,1.2966270446777344
Colorado State University-Fort Collins,https://www.cs.colostate.edu/~cs155/,1.1317973136901855
Colorado State University-Fort Collins,https://www.cs.colostate.edu/~cs156/,0.9692695140838623
Colorado State University-Fort Collins,https://www.cs.colostate.edu/~cs157/,1.1459946632385254
Cornell University,https://www.cs.cornell.edu/phd/current-students/phd-requirements,1.1564691066741943
Cornell University,https://www.cs.cornell.edu/phd/current-students/phd-student-financial-support,1.0614595413208008
Colorado State University-Fort Collins,https://www.cs.colostate.edu/~ct310,1.4337894916534424
Cornell University,https://www.cs.cornell.edu/phd/current-students/special-committee-selection,0.9984095096588135
Colorado State University-Fort Collins,https://www.cs.colostate.edu/~ct320,0.9510719776153564
Cornell University,https://www.cs.cornell.edu/phd/current-students/travel-funding-opportunities,0.9622936248779297
Colorado State University-Fort Collins,https://www.cs.colostate.edu/~cs410/,1.2022724151611328
Cornell University,https://www.cs.cornell.edu/phd/current-students/outside-minor-requirement,1.0659053325653076
Cornell University,http://diversity.cornell.edu/?utm_source=Announcements+-+April+30%2C+2018&utm_campaign=Announcements-7%2F17%2F17&utm_medium=email,0.2677795886993408
Cornell University,https://www.cs.cornell.edu/events/graduation-information,1.2291717529296875
Colorado State University-Fort Collins,https://www.facebook.com/CSUComputerScience/,0.6699573993682861
Cornell University,https://www.cs.cornell.edu/phd/minor,1.136404037475586
Colorado State University-Fort Collins,https://www.instagram.com/csucomputerscience/,0.5636477470397949
Cornell University,https://www.cs.cornell.edu/phd/outreach-opportunities,1.0380587577819824
Colorado State University-Fort Collins,https://www.natsci.colostate.edu,0.4600808620452881
Colorado State University-Fort Collins,https://www.bmb.colostate.edu/,0.5496714115142822
Cornell University,http://studentswithfamilies.cornell.edu/policies/parental-accommodation-policy/,0.9729344844818115
Cornell University,https://www.cs.cornell.edu/phd/specialmasters,0.6921086311340332
Cornell University,https://www.cs.cornell.edu/phd/student-spotlights,1.042862892150879
Cornell University,https://www.cs.cornell.edu/phd/contact-phd-office,0.9423618316650391
Cornell University,https://www.cornell.edu/search,1.1342182159423828
Cornell University,https://www.cs.cornell.edu/#main-content,0.9169116020202637
Colorado State University-Fort Collins,https://compsci.colostate.edu,3.123948574066162
Cornell University,https://www.cs.cornell.edu/,1.0239267349243164
Colorado State University-Fort Collins,https://mathematics.colostate.edu/,1.0640323162078857
Cornell University,https://www.cs.cornell.edu/information/about,0.6415195465087891
Cornell University,https://www.cs.cornell.edu/information/about,0.6071124076843262
Colorado State University-Fort Collins,https://www.physics.colostate.edu/,1.0974950790405273
Cornell University,https://www.cs.cornell.edu/information/diversity-inclusion,0.6246349811553955
Colorado State University-Fort Collins,https://psychology.colostate.edu/,0.5844347476959229
Cornell University,https://www.cs.cornell.edu/information/diversity-inclusion/values-inclusion,1.0434505939483643
Colorado State University-Fort Collins,https://statistics.colostate.edu/,1.1319186687469482
Cornell University,https://www.cs.cornell.edu/information/diversity-inclusion/2020-antiracism-task-force,0.6553585529327393
Cornell University,https://www.cs.cornell.edu/information/diversity-inclusion/2022-dei-report,1.280534029006958
Colorado State University-Fort Collins,https://compsci.colostate.edu/#top-of-page,0.46530628204345703
